-- phpMyAdmin SQL Dump
-- version 4.8.3
-- https://www.phpmyadmin.net/
--
-- Host: 127.0.0.1
-- Generation Time: Oct 19, 2018 at 09:35 AM
-- Server version: 10.1.36-MariaDB
-- PHP Version: 5.6.38

SET SQL_MODE = "NO_AUTO_VALUE_ON_ZERO";
SET AUTOCOMMIT = 0;
START TRANSACTION;
SET time_zone = "+00:00";


/*!40101 SET @OLD_CHARACTER_SET_CLIENT=@@CHARACTER_SET_CLIENT */;
/*!40101 SET @OLD_CHARACTER_SET_RESULTS=@@CHARACTER_SET_RESULTS */;
/*!40101 SET @OLD_COLLATION_CONNECTION=@@COLLATION_CONNECTION */;
/*!40101 SET NAMES utf8mb4 */;

--
-- Database: `evoting`
--

-- --------------------------------------------------------

--
-- Table structure for table `tbl_admin`
--

CREATE TABLE `tbl_admin` (
  `id_admin` int(4) NOT NULL,
  `nama_admin` varchar(50) NOT NULL,
  `username` varchar(50) NOT NULL,
  `password` varchar(50) NOT NULL,
  `pertanyaan` varchar(100) NOT NULL,
  `jawaban` varchar(100) NOT NULL
) ENGINE=InnoDB DEFAULT CHARSET=latin1;

--
-- Dumping data for table `tbl_admin`
--

INSERT INTO `tbl_admin` (`id_admin`, `nama_admin`, `username`, `password`, `pertanyaan`, `jawaban`) VALUES
(2, 'admin', 'daylight', '9564c3af49947747754e76cedebf8f90', 'daylight??', 'admin');

-- --------------------------------------------------------

--
-- Table structure for table `tbl_kandidat`
--

CREATE TABLE `tbl_kandidat` (
  `id_kandidat` int(4) NOT NULL,
  `nama_kandidat` varchar(100) NOT NULL,
  `visi` text NOT NULL,
  `misi` text NOT NULL,
  `foto` varchar(100) NOT NULL
) ENGINE=InnoDB DEFAULT CHARSET=latin1;

--
-- Dumping data for table `tbl_kandidat`
--

INSERT INTO `tbl_kandidat` (`id_kandidat`, `nama_kandidat`, `visi`, `misi`, `foto`) VALUES
(1, 'Uus Surahman', '<li>Menjadikan OSIS SMKN 1 Kawali yang Aktif, Kreatif </li> \r\n                                   <li>Bertanggungjawab dan Menjadikan OSIS yang Solid dengan Berlandaskan Iman kepada Tuhan Yang Maha Esa serta mengikuti Zaman dan Teknologi</li>', '<li>Menjalin Hubungan Baik antara Organisasi</li>\r\n                                   <li>Meningkatkan kembali Kesadaran ke Siswa mengenai Pentingnya mengembangkan kreativits bakat, minat dan potensi siswa melalui kegiatan ekstrakurikuler</li>\r\n                                   <li>Menjalankan, Meningkatkan, Mengembangkan, dan Memperbaiki Program yang Sudah Ada</li>\r\n                                   <li>Lebih Meningkatkan dan Mempererat Tali Silaturahmi antar Anggota</li>', '1.JPG'),
(2, 'Wildan Nurfauzi', '', '', '2.JPG'),
(3, 'Nurul Aisyah', '', '', '3.JPG'),
(4, 'Deni Sukmara', '', '', '4.JPG'),
(5, 'Ernawati', '', '', '5.JPG'),
(6, 'Agus Rana Mulyana', '', '', '6.JPG'),
(7, 'Siti Nuronah', '', '', '7.JPG');

-- --------------------------------------------------------

--
-- Table structure for table `tbl_pemilih`
--

CREATE TABLE `tbl_pemilih` (
  `id_pemilih` varchar(5) NOT NULL,
  `status` int(1) NOT NULL
) ENGINE=InnoDB DEFAULT CHARSET=latin1;

--
-- Dumping data for table `tbl_pemilih`
--

INSERT INTO `tbl_pemilih` (`id_pemilih`, `status`) VALUES
('AABCJ', 0),
('AACYF', 0),
('ABEJK', 0),
('ABKXK', 0),
('ABLUL', 1),
('ACJPJ', 0),
('ADBAT', 0),
('ADLQA', 1),
('ADWIU', 0),
('ADWVR', 0),
('ADXFX', 0),
('AECTD', 0),
('AETXH', 0),
('AEYSD', 0),
('AFDUQ', 0),
('AFEHY', 0),
('AFIXG', 0),
('AFTFG', 0),
('AFXJS', 0),
('AGEQP', 0),
('AGHPM', 0),
('AGHSE', 1),
('AGNVI', 0),
('AGOGN', 0),
('AGPVM', 0),
('AGQKF', 0),
('AGXWU', 0),
('AGYWX', 0),
('AHGWS', 0),
('AHJJO', 0),
('AHPNN', 0),
('AIEFI', 0),
('AITBA', 0),
('AIXYF', 0),
('AJIGX', 0),
('AJRMD', 0),
('AJTAE', 0),
('AJXIM', 0),
('AJXTM', 0),
('AKXXE', 0),
('ALDNF', 0),
('ALGPV', 0),
('ALVOA', 0),
('AMFEW', 1),
('AMNVV', 0),
('ANVTH', 0),
('AOLAW', 0),
('APRVD', 0),
('APUTI', 0),
('APVGA', 0),
('AQCUT', 0),
('ARTRM', 0),
('ASHJE', 0),
('ASVKW', 1),
('ASWDX', 1),
('ATQFJ', 0),
('ATRAN', 1),
('ATTXA', 0),
('AUCVL', 0),
('AVFGX', 0),
('AVKPI', 0),
('AVOUT', 0),
('AVWMO', 0),
('AVXAU', 0),
('AVXKE', 0),
('AWDOL', 1),
('AXXSE', 0),
('AXYAF', 0),
('AYBAN', 0),
('AYBMP', 0),
('AYFNW', 1),
('BALBR', 0),
('BAUCK', 0),
('BBDXJ', 0),
('BBHQP', 0),
('BBWFQ', 0),
('BCOAQ', 0),
('BCQQF', 0),
('BCXOJ', 0),
('BDVII', 0),
('BELHD', 0),
('BEPUD', 0),
('BEWUG', 0),
('BFFPQ', 0),
('BFLES', 0),
('BFUXW', 0),
('BGSTU', 1),
('BGVQE', 0),
('BHAQA', 0),
('BHFPY', 0),
('BHTVV', 1),
('BJAIN', 1),
('BJCIH', 0),
('BJKCI', 0),
('BKENB', 0),
('BKXLX', 0),
('BMGPL', 0),
('BNFGR', 0),
('BNRBY', 0),
('BNSOG', 0),
('BNTOT', 0),
('BOTQY', 0),
('BOTXR', 0),
('BOUKA', 0),
('BPKTR', 0),
('BPQIM', 0),
('BQENK', 0),
('BQEQF', 0),
('BQSME', 0),
('BRHME', 0),
('BROGG', 1),
('BRXJP', 1),
('BRXWS', 0),
('BSDTW', 1),
('BSJWL', 0),
('BSUTU', 0),
('BSUYB', 0),
('BTCPL', 0),
('BTDXM', 1),
('BTMHE', 0),
('BUNTG', 0),
('BUNYL', 0),
('BUYNC', 0),
('BVBXJ', 0),
('BVCJW', 0),
('BVRFR', 0),
('BVUJK', 1),
('BWFLN', 0),
('BWHNW', 0),
('BWKTR', 1),
('BWTGS', 0),
('BWUCD', 0),
('BXFAK', 0),
('BYIDK', 0),
('BYNIN', 0),
('BYVON', 0),
('CAETG', 0),
('CAHTI', 0),
('CANLS', 1),
('CAVXO', 0),
('CAWDU', 0),
('CBBWG', 0),
('CBDPE', 0),
('CBOPG', 0),
('CCERO', 0),
('CCLUF', 0),
('CCQHD', 0),
('CDPOT', 0),
('CDQUK', 0),
('CDWDS', 0),
('CEJPE', 0),
('CENLI', 0),
('CEPNM', 0),
('CFOMR', 0),
('CFVPR', 0),
('CFYRS', 0),
('CGCLV', 0),
('CGCNB', 0),
('CGKRK', 0),
('CHCUP', 0),
('CHIYJ', 0),
('CHUCT', 0),
('CHWVJ', 0),
('CHYYO', 0),
('CIJMA', 0),
('CIOMA', 0),
('CJIXT', 0),
('CJXPF', 0),
('CKAXJ', 0),
('CLBBY', 0),
('CLEEG', 0),
('CLNOS', 0),
('CMIXY', 0),
('CMTWO', 0),
('CNHNT', 0),
('CNHTL', 0),
('CNMUH', 0),
('CNRNF', 0),
('COSIA', 0),
('COWFK', 0),
('CPKCM', 1),
('CPPXF', 0),
('CPRSU', 0),
('CPSQD', 0),
('CQCFU', 1),
('CQHFR', 0),
('CQTBR', 0),
('CRBHF', 1),
('CRGXL', 0),
('CRIQO', 1),
('CRPGV', 0),
('CRYAF', 0),
('CSFDW', 0),
('CSKJC', 0),
('CTJQT', 0),
('CTLUB', 0),
('CTTKU', 1),
('CTWOU', 0),
('CUECV', 0),
('CVBQQ', 0),
('CVFAU', 0),
('CVGPP', 0),
('CVLQH', 0),
('CVYOB', 0),
('CWNDS', 0),
('CWTOR', 0),
('CXAAS', 0),
('CXJNM', 0),
('CXYUN', 0),
('CYNAG', 0),
('CYOKG', 0),
('CYPWH', 0),
('DAHTL', 0),
('DANHX', 0),
('DBVNS', 0),
('DCFEJ', 0),
('DCGCN', 0),
('DCLPC', 1),
('DCRVL', 0),
('DDMAS', 0),
('DDOOM', 0),
('DECIP', 0),
('DFKQJ', 0),
('DFWGS', 0),
('DGLGL', 0),
('DGXJD', 1),
('DHLKX', 0),
('DHOMY', 0),
('DHSUG', 0),
('DIKNP', 0),
('DILHY', 0),
('DISWQ', 0),
('DITPH', 0),
('DJFKJ', 1),
('DJMEH', 0),
('DKDHC', 0),
('DKJKH', 0),
('DKVAV', 0),
('DLJSG', 0),
('DMIGF', 0),
('DMMXX', 0),
('DMRID', 0),
('DNBRF', 0),
('DNHFG', 0),
('DNNBD', 1),
('DNNLI', 1),
('DPEKN', 0),
('DPTLD', 0),
('DQBEE', 0),
('DREVQ', 0),
('DSDMU', 0),
('DSGBM', 0),
('DSQYT', 0),
('DSWOY', 0),
('DTDMW', 0),
('DTFLA', 0),
('DTIIY', 0),
('DUHNG', 0),
('DUYNI', 0),
('DVJOA', 0),
('DVKAQ', 0),
('DVKHJ', 0),
('DVLCP', 0),
('DWBAS', 0),
('DWDTG', 0),
('DWNLL', 0),
('DWTFT', 0),
('DWVAI', 0),
('DWVQW', 0),
('DWWCV', 0),
('DXDIC', 0),
('DXLWM', 0),
('DXMLV', 0),
('DYJCF', 1),
('DYYFM', 1),
('EACCW', 1),
('EANXV', 0),
('EATVF', 0),
('EAVLN', 0),
('EBDLR', 0),
('EBHYS', 1),
('ECHBB', 0),
('ECKCV', 1),
('EDAQS', 0),
('EDKII', 0),
('EDTAU', 0),
('EDXIN', 0),
('EEEQM', 1),
('EEFEU', 0),
('EEKVM', 0),
('EESVL', 0),
('EETIW', 0),
('EGFQT', 0),
('EHFMG', 0),
('EHPJF', 0),
('EHRMR', 0),
('EHXTD', 0),
('EIDWQ', 0),
('EJMBP', 0),
('EJNDU', 0),
('EJSWO', 0),
('EKEIY', 1),
('EKHBA', 0),
('EKICJ', 0),
('EKJHH', 0),
('ELMSB', 1),
('ELNSQ', 0),
('ELRDL', 0),
('ELSXH', 0),
('ENDNP', 0),
('ENFWU', 1),
('EOMXC', 0),
('EQANP', 0),
('EQIFW', 1),
('EQWLL', 0),
('EQXGA', 0),
('ERGHG', 0),
('ERKVF', 0),
('ERUWO', 0),
('ESQDH', 0),
('ETHEU', 1),
('ETXDS', 0),
('EUMWB', 0),
('EUONY', 0),
('EUUTI', 0),
('EVHHE', 0),
('EVKKN', 0),
('EVRST', 0),
('EWFLD', 0),
('EWIUF', 0),
('EWSED', 0),
('EWTAO', 1),
('EWYGY', 0),
('EXAYR', 0),
('EXFYP', 0),
('EXOLS', 0),
('EXSIU', 0),
('FACEX', 0),
('FAFRL', 0),
('FAWCL', 1),
('FAWJR', 0),
('FAXXR', 1),
('FBKRN', 1),
('FBQRB', 0),
('FBSBK', 0),
('FBYVE', 0),
('FCBJN', 0),
('FCFLL', 1),
('FCISV', 1),
('FDIRJ', 0),
('FDXWP', 0),
('FDYUL', 0),
('FEQAS', 0),
('FETNS', 1),
('FEYHV', 0),
('FFFFC', 0),
('FGXOW', 1),
('FHAKF', 0),
('FHEBA', 0),
('FHFFT', 1),
('FIBDC', 1),
('FIMKX', 0),
('FJHYQ', 0),
('FJNDT', 0),
('FJSYU', 0),
('FJTGB', 0),
('FKGAP', 1),
('FKLLR', 0),
('FKNYD', 0),
('FKONF', 0),
('FKTHE', 0),
('FKVQH', 0),
('FLFGS', 0),
('FLGJB', 0),
('FMNQQ', 0),
('FMUIG', 0),
('FNDCN', 0),
('FNUCC', 0),
('FNWGK', 0),
('FOAMT', 1),
('FOESJ', 0),
('FOKGY', 0),
('FOQJP', 0),
('FPEVQ', 0),
('FPUEM', 0),
('FQIIH', 0),
('FQJHJ', 0),
('FQPVE', 0),
('FQUMF', 0),
('FQWMB', 0),
('FQYCP', 0),
('FRCGI', 0),
('FRMHD', 0),
('FSKRM', 0),
('FSWHV', 1),
('FSXDC', 0),
('FSXTE', 0),
('FTABJ', 0),
('FTCGV', 0),
('FTFKL', 0),
('FTVHN', 0),
('FUFIU', 0),
('FUOCL', 0),
('FUQPK', 1),
('FVEWF', 0),
('FWLSB', 0),
('FWMTD', 0),
('FWPKJ', 0),
('FXOWM', 1),
('FXYQN', 0),
('FYEIT', 0),
('FYPHA', 0),
('GAMYI', 0),
('GAOXF', 0),
('GAUBI', 0),
('GBGQV', 0),
('GBNSG', 0),
('GCBMW', 0),
('GCIKN', 0),
('GCPYW', 0),
('GCQQB', 0),
('GCSIV', 0),
('GCXND', 0),
('GDAII', 0),
('GDTTI', 0),
('GDTUV', 0),
('GEAOB', 0),
('GEKLH', 1),
('GEQCU', 0),
('GFWMC', 1),
('GFYJL', 1),
('GGPPR', 0),
('GGSNV', 0),
('GGXRE', 0),
('GHMCR', 0),
('GHQIS', 0),
('GHSXC', 0),
('GIKED', 0),
('GIKXL', 0),
('GINAU', 0),
('GJESM', 0),
('GJLCA', 0),
('GJSXJ', 0),
('GKUYQ', 1),
('GLFBG', 0),
('GLFFT', 0),
('GLHJD', 0),
('GLWWM', 0),
('GMFGQ', 0),
('GMKIU', 0),
('GMPIM', 0),
('GMUGC', 0),
('GNBXD', 0),
('GNHFM', 0),
('GNJAC', 1),
('GNOMQ', 0),
('GNXQE', 0),
('GOGRK', 0),
('GOJQQ', 0),
('GONWR', 0),
('GOUBX', 0),
('GPVTP', 0),
('GPYMX', 1),
('GQICO', 0),
('GQJJC', 0),
('GQMGY', 0),
('GQSWU', 0),
('GROSN', 0),
('GRQPK', 0),
('GSKTW', 0),
('GTAHW', 0),
('GTCKH', 0),
('GTDPC', 1),
('GTMHG', 0),
('GUIFY', 0),
('GUIMG', 0),
('GUIPG', 0),
('GULPL', 0),
('GURPB', 0),
('GUUDX', 0),
('GUVIU', 0),
('GVWEU', 1),
('GWLBC', 0),
('GYEOY', 0),
('GYRCT', 0),
('HAIIJ', 0),
('HAJQF', 0),
('HAXSG', 0),
('HAXVQ', 0),
('HBMST', 0),
('HBNMQ', 0),
('HCGAA', 0),
('HDBJU', 0),
('HDQKK', 0),
('HEKYB', 0),
('HESLP', 0),
('HGKFJ', 1),
('HGSTG', 0),
('HHHCY', 0),
('HHHLL', 0),
('HHQTP', 0),
('HHSKS', 0),
('HHUIE', 0),
('HIDOU', 0),
('HJBBP', 0),
('HJCRQ', 0),
('HJFDP', 1),
('HJJWK', 0),
('HJNDI', 1),
('HJOMI', 0),
('HKAGO', 0),
('HKAWS', 0),
('HKTAS', 0),
('HKTPG', 0),
('HLKGN', 0),
('HLLMX', 0),
('HLRFL', 0),
('HLWCX', 0),
('HMFHQ', 0),
('HMNBW', 0),
('HMVPH', 0),
('HNIPY', 0),
('HNKVF', 0),
('HODEW', 1),
('HOFXL', 0),
('HPOMG', 0),
('HPRQM', 0),
('HPRRA', 0),
('HPWAW', 0),
('HQSAH', 0),
('HQTKA', 0),
('HQYQG', 0),
('HRAOG', 0),
('HRJPA', 0),
('HRPGB', 1),
('HSEET', 1),
('HSJDW', 0),
('HSRXO', 0),
('HTRHW', 0),
('HUFGV', 0),
('HUQHQ', 0),
('HVMJU', 0),
('HVOSE', 0),
('HVRLW', 0),
('HWDTS', 0),
('HWOBP', 0),
('HWPDT', 0),
('HWSGY', 0),
('HXCSV', 0),
('HXQCY', 1),
('HYFGB', 1),
('HYMYO', 0),
('HYYHW', 0),
('IAGGO', 0),
('IAQAE', 1),
('IAREU', 0),
('IBKFL', 0),
('IBNNC', 1),
('IBUMX', 0),
('IBWDG', 0),
('IBWSF', 0),
('ICLJG', 0),
('IDDQK', 1),
('IDLPX', 0),
('IDQLV', 0),
('IDTKQ', 1),
('IDUVP', 0),
('IEASV', 0),
('IEOPT', 0),
('IEUMU', 0),
('IFCDH', 0),
('IFMVI', 0),
('IFSJO', 0),
('IGCYR', 0),
('IGIRC', 0),
('IGNQM', 0),
('IGRNK', 0),
('IGWPG', 0),
('IHBNU', 1),
('IHFWG', 0),
('IHKRD', 0),
('IHQAP', 1),
('IHRAL', 0),
('IHTNJ', 0),
('IHXPG', 0),
('IKDPL', 0),
('IKETU', 0),
('IKPJX', 0),
('IKVQP', 1),
('IKXSK', 0),
('ILBBQ', 0),
('IMMQL', 0),
('IMULV', 0),
('IMVIC', 0),
('IMYMQ', 0),
('INEIF', 0),
('INHCT', 0),
('INOLW', 0),
('INQSL', 1),
('IOTRT', 0),
('IPJWC', 0),
('IQEOO', 0),
('IQKET', 1),
('IQXEP', 0),
('ISAVB', 0),
('ISFPA', 0),
('ITBET', 1),
('ITRKV', 0),
('IUHHM', 0),
('IVBTW', 0),
('IVGVW', 1),
('IVPIR', 0),
('IVRSO', 1),
('IVUTL', 0),
('IVVMM', 0),
('IWSQR', 0),
('IXMJO', 0),
('IXSKG', 0),
('IXUPB', 0),
('IYDNP', 0),
('JALMB', 0),
('JATMY', 0),
('JBEGY', 0),
('JBHVV', 1),
('JBXWP', 0),
('JCKPW', 0),
('JCNJI', 1),
('JDJNN', 0),
('JDLIG', 0),
('JDMJG', 0),
('JEIJQ', 0),
('JELMJ', 0),
('JETXK', 0),
('JEUHY', 0),
('JFFPL', 0),
('JFKOK', 0),
('JFRYW', 0),
('JFYGP', 0),
('JGCPJ', 0),
('JGEYD', 1),
('JHEHS', 0),
('JHYBP', 0),
('JIRSW', 0),
('JIYPB', 0),
('JJGHG', 0),
('JJGKM', 0),
('JKORU', 1),
('JKPVJ', 0),
('JKQRH', 0),
('JKWXF', 0),
('JLQAR', 0),
('JLVXD', 0),
('JMHJQ', 0),
('JMRTK', 0),
('JMSJK', 0),
('JMSQH', 1),
('JMXME', 0),
('JNITT', 0),
('JNNFU', 0),
('JNYHS', 0),
('JODAJ', 0),
('JORPQ', 0),
('JOYQO', 0),
('JPFUO', 0),
('JPTYQ', 0),
('JPVYL', 0),
('JQDCG', 0),
('JQETL', 0),
('JRWCL', 0),
('JSDSL', 0),
('JSHSP', 0),
('JTAMC', 0),
('JTWRD', 0),
('JUHEQ', 0),
('JUKSR', 0),
('JULYD', 0),
('JUOBR', 0),
('JUVBF', 0),
('JVDXC', 0),
('JVEQG', 0),
('JVIBQ', 0),
('JVIJJ', 0),
('JVPPW', 0),
('JVXNV', 0),
('JWDQE', 1),
('JWVMX', 0),
('JXAFT', 0),
('JXDVE', 0),
('JXHBM', 0),
('JXITK', 0),
('JXRBJ', 0),
('JYVCY', 0),
('JYYYD', 0),
('KAFIN', 1),
('KAKCF', 0),
('KAVYR', 0),
('KAWNA', 1),
('KBDYO', 1),
('KBKDB', 1),
('KCDGE', 0),
('KCDUO', 1),
('KCHES', 0),
('KCPST', 1),
('KCRLK', 0),
('KDPRW', 0),
('KEAKL', 0),
('KEETQ', 0),
('KEEWE', 0),
('KEREE', 0),
('KFAOF', 0),
('KGKMT', 0),
('KGTCQ', 0),
('KHFFQ', 0),
('KHRPD', 0),
('KHWRA', 0),
('KILNP', 1),
('KIRPE', 0),
('KJRSB', 1),
('KJWOJ', 1),
('KKIFX', 1),
('KKNAO', 0),
('KKSQF', 0),
('KKVIR', 0),
('KLVNO', 0),
('KLYAB', 0),
('KMBRC', 0),
('KMPHF', 0),
('KMRWE', 0),
('KMSRU', 0),
('KMUIF', 0),
('KMVBT', 0),
('KMWNS', 0),
('KNPEB', 0),
('KNXAJ', 0),
('KONVV', 0),
('KOYLK', 1),
('KPEXU', 0),
('KPUGB', 0),
('KQCDJ', 0),
('KQFHN', 0),
('KQHDB', 0),
('KQHHD', 0),
('KQJGA', 0),
('KQLAC', 0),
('KQLAM', 0),
('KRGUB', 0),
('KSAUG', 1),
('KSJSU', 0),
('KSMRU', 0),
('KSNRO', 0),
('KSNVR', 0),
('KSRIL', 0),
('KTRAQ', 0),
('KTVAL', 0),
('KUQYL', 0),
('KUUUV', 0),
('KVGSM', 0),
('KVTOU', 0),
('KWDAW', 0),
('KWREP', 0),
('KWTQW', 1),
('KWWXD', 0),
('KXHAG', 0),
('KXHDO', 0),
('KXOQL', 0),
('KXSDM', 0),
('KXUJK', 1),
('KYAOU', 0),
('KYIGW', 1),
('KYIKN', 0),
('KYLIV', 0),
('KYTNF', 0),
('KYXGR', 0),
('LANFH', 0),
('LAVQJ', 1),
('LBEBM', 0),
('LBGAQ', 1),
('LBJQR', 0),
('LBVPB', 0),
('LCACM', 1),
('LCFKR', 0),
('LCWVU', 0),
('LDHUM', 0),
('LDJWX', 0),
('LDQDC', 0),
('LDRHQ', 1),
('LEGQK', 0),
('LEMKT', 0),
('LESUM', 0),
('LFCJN', 0),
('LFKFC', 0),
('LFYHO', 0),
('LGDBS', 0),
('LGHWL', 0),
('LGWFA', 0),
('LGXXM', 0),
('LHCSJ', 0),
('LHDSY', 0),
('LHXXC', 0),
('LHYDL', 0),
('LICQA', 1),
('LIMRO', 0),
('LIQJQ', 1),
('LJDJT', 0),
('LJFTB', 1),
('LJUGF', 1),
('LJUJT', 0),
('LJVKJ', 0),
('LKAGJ', 0),
('LKKEY', 1),
('LLRES', 0),
('LMDCQ', 0),
('LMKTQ', 0),
('LMPQV', 0),
('LMQND', 1),
('LNGNH', 0),
('LNVDJ', 0),
('LOAWN', 0),
('LORWT', 0),
('LPAVC', 0),
('LPJXD', 0),
('LPOIK', 0),
('LPRAV', 0),
('LRAPB', 0),
('LRGSR', 0),
('LRSKJ', 0),
('LRTST', 0),
('LSPRP', 0),
('LSWEA', 0),
('LUXWF', 1),
('LUYJN', 0),
('LVGEJ', 1),
('LVMTL', 0),
('LVOCV', 0),
('LWBFS', 1),
('LXBDT', 0),
('LXEBQ', 0),
('LXFPV', 0),
('LXXJT', 0),
('LYCCO', 1),
('LYCUK', 0),
('LYDGR', 0),
('LYEIB', 0),
('LYQLT', 0),
('LYXTC', 0),
('MARNP', 0),
('MBKNT', 0),
('MBLBG', 1),
('MBOHY', 0),
('MCAUA', 0),
('MDHVN', 1),
('MDXGA', 0),
('MEOEJ', 0),
('MFMOT', 0),
('MFRAN', 0),
('MGADX', 0),
('MGAXA', 0),
('MGFUQ', 0),
('MGFXD', 0),
('MGIEP', 0),
('MGJUK', 0),
('MGWSJ', 0),
('MHBIS', 0),
('MHIVN', 0),
('MHQMG', 0),
('MHSFO', 0),
('MHXWV', 0),
('MIRPS', 0),
('MJDMB', 0),
('MJIRF', 0),
('MJQHT', 0),
('MJQVE', 0),
('MJRWW', 0),
('MKCOH', 0),
('MLCLI', 0),
('MLEFK', 0),
('MLTTM', 0),
('MMCSW', 0),
('MNIKI', 1),
('MNQHI', 0),
('MOCKG', 0),
('MOEVM', 0),
('MOTVU', 0),
('MOWAN', 0),
('MPAFC', 0),
('MPONN', 0),
('MPUCP', 0),
('MQBLS', 0),
('MQFJP', 1),
('MQGOR', 0),
('MQIFN', 0),
('MQLWA', 0),
('MQPXY', 0),
('MQUQI', 0),
('MRDUP', 1),
('MRGDX', 0),
('MRJJF', 1),
('MSAPY', 0),
('MSVJS', 0),
('MTNFI', 1),
('MTVLI', 0),
('MUUUX', 0),
('MVTSB', 0),
('MWKUH', 0),
('MWNXV', 0),
('MWVTV', 1),
('MWXLX', 0),
('MXEFR', 0),
('MXFBJ', 0),
('MXGXV', 1),
('MXNYO', 0),
('MYNNS', 0),
('MYYDI', 0),
('NAHRO', 0),
('NANFF', 0),
('NAOSV', 0),
('NAQMV', 0),
('NAVRY', 0),
('NAWQV', 0),
('NAXFW', 0),
('NBBPN', 0),
('NBCKM', 0),
('NBIGP', 0),
('NCUQG', 1),
('NDBYJ', 0),
('NDKKC', 0),
('NDLGN', 0),
('NDPGL', 0),
('NECKM', 0),
('NEGTN', 0),
('NEUSD', 0),
('NFQPO', 0),
('NFYJH', 0),
('NGGQV', 0),
('NGNJL', 1),
('NGNXD', 0),
('NGSEP', 0),
('NHFKK', 0),
('NHYUM', 0),
('NIRHN', 0),
('NIWCJ', 0),
('NJLSE', 0),
('NJVKA', 0),
('NKBPF', 0),
('NKJSX', 0),
('NKPGQ', 0),
('NKUGR', 0),
('NKVWC', 1),
('NKWCH', 1),
('NLEDA', 0),
('NLOJN', 0),
('NLPXH', 0),
('NMFEE', 0),
('NMJUK', 0),
('NMTFV', 0),
('NMTRS', 0),
('NMVPY', 0),
('NNUTE', 0),
('NNWEP', 0),
('NOBFH', 0),
('NOEJR', 1),
('NPKKS', 0),
('NPQQI', 0),
('NPTRQ', 0),
('NQBYA', 0),
('NQMVE', 0),
('NQRTT', 1),
('NQTHA', 0),
('NQUHT', 0),
('NQXDD', 0),
('NQXGK', 0),
('NSDCA', 0),
('NSVFH', 0),
('NSWAG', 0),
('NTCQI', 0),
('NTCTJ', 1),
('NUDIJ', 0),
('NUMCS', 0),
('NVELO', 0),
('NVGTU', 0),
('NWSPM', 0),
('NWXUU', 0),
('NWXUV', 0),
('NXFCK', 1),
('NXLUY', 0),
('NXMHJ', 0),
('OACYC', 0),
('OAICE', 1),
('OAMOI', 0),
('OBCVC', 0),
('OBCWY', 0),
('OBLCB', 0),
('OBODG', 0),
('OBPTY', 0),
('OBWUA', 0),
('OCFDU', 0),
('OCITP', 1),
('OCQMP', 0),
('ODEIO', 0),
('ODIBY', 0),
('ODOMC', 0),
('ODVOT', 0),
('OEAXU', 0),
('OEGLA', 0),
('OFBEO', 0),
('OFUTR', 0),
('OGBTL', 0),
('OGENU', 0),
('OGJNF', 0),
('OGQUP', 0),
('OGSEW', 0),
('OGUJL', 0),
('OHLTV', 0),
('OILGN', 0),
('OIOWV', 0),
('OJCGC', 0),
('OJMBQ', 0),
('OJRJR', 1),
('OKPUH', 0),
('OLQTE', 0),
('OLRXH', 0),
('OLYGD', 0),
('OMLTQ', 0),
('OMMOV', 0),
('ONCJL', 1),
('ONNEK', 0),
('ONUAE', 0),
('OOIMI', 0),
('OOMMU', 0),
('OOPGH', 0),
('OOPQN', 0),
('OPLKV', 0),
('OPYRH', 0),
('OQWSJ', 0),
('ORFJV', 0),
('ORPGL', 0),
('ORQYK', 0),
('OSKPP', 1),
('OSVQO', 0),
('OTRVL', 0),
('OTSCS', 1),
('OTYOK', 0),
('OUYFH', 1),
('OVBAR', 0),
('OVCTS', 0),
('OVKEF', 0),
('OVKFN', 0),
('OVROE', 0),
('OVUUX', 0),
('OWSSG', 0),
('OWVJI', 0),
('OXTXU', 0),
('OYRUJ', 0),
('OYTDU', 0),
('OYUHD', 0),
('PAIVX', 0),
('PBCLO', 0),
('PBMRV', 0),
('PCDHY', 0),
('PCKYD', 0),
('PCSHG', 0),
('PCUEL', 0),
('PCUMT', 0),
('PDLLD', 0),
('PDLUS', 0),
('PDPXR', 0),
('PEAYL', 0),
('PEDOH', 0),
('PELOH', 0),
('PEVSD', 0),
('PGBRI', 0),
('PGEWW', 0),
('PGMDN', 0),
('PGNUL', 0),
('PHGEI', 0),
('PHIWX', 0),
('PHOXX', 1),
('PIHDE', 0),
('PIMDY', 0),
('PIWRJ', 0),
('PJFYJ', 0),
('PJGMJ', 0),
('PJGYE', 0),
('PJIUX', 0),
('PKAII', 0),
('PKBWL', 0),
('PKNDN', 0),
('PLAWM', 0),
('PLGSE', 0),
('PLRAH', 0),
('PLUMO', 0),
('PMBHX', 0),
('PMDVW', 0),
('PMEEU', 1),
('PMFMT', 0),
('PMVVR', 0),
('PNDKN', 0),
('PNOUL', 0),
('POKOY', 0),
('POLYI', 0),
('POMXW', 0),
('PPAUD', 0),
('PPSIX', 0),
('PQNBU', 0),
('PQQPI', 0),
('PQSXF', 0),
('PREOT', 0),
('PRIOM', 0),
('PRSMY', 0),
('PRUCA', 0),
('PRWDE', 0),
('PSJII', 0),
('PTMCW', 0),
('PTQTG', 0),
('PTTJP', 0),
('PUEKT', 0),
('PUVTK', 1),
('PVIXN', 0),
('PVVAT', 0),
('PWAQC', 0),
('PWARL', 0),
('PXYGW', 0),
('PYEMW', 0),
('PYFOH', 0),
('PYLTA', 0),
('PYRLV', 0),
('QAFRY', 0),
('QBMHT', 0),
('QBNEN', 0),
('QBRWU', 0),
('QBYFH', 0),
('QCBVW', 0),
('QCCTB', 0),
('QCJKF', 0),
('QCMIA', 0),
('QCOQV', 0),
('QCQPB', 0),
('QCWYW', 1),
('QDTVE', 0),
('QEACJ', 0),
('QEIQN', 0),
('QELHX', 0),
('QFALF', 0),
('QFHWP', 0),
('QFSNE', 0),
('QFXDM', 0),
('QFXTY', 1),
('QGAKC', 0),
('QHBQW', 0),
('QHHEJ', 0),
('QHIVM', 0),
('QHOAP', 0),
('QINJS', 1),
('QIXGE', 0),
('QLMJR', 0),
('QMESA', 0),
('QNVQK', 0),
('QOCOY', 0),
('QOTJC', 0),
('QPPCK', 0),
('QQDMO', 0),
('QQYAN', 0),
('QRUNR', 0),
('QRWGJ', 0),
('QSHXW', 0),
('QSRVU', 0),
('QTCCI', 0),
('QTTLV', 0),
('QTWGJ', 0),
('QUALM', 0),
('QUBXK', 0),
('QUCIE', 1),
('QUDXE', 0),
('QULKD', 0),
('QVNQY', 1),
('QVPLD', 0),
('QVWYO', 0),
('QWUWH', 0),
('QXAHX', 0),
('QXUTJ', 0),
('QXVOA', 0),
('QXXAS', 1),
('QYGUG', 0),
('QYUMO', 0),
('RALUO', 0),
('RBHGV', 0),
('RBQXW', 0),
('RCFHS', 0),
('RCKSA', 1),
('RCMRF', 0),
('RDKUQ', 0),
('RECDU', 0),
('RETMB', 0),
('REVOY', 0),
('REWCB', 0),
('RFDGS', 0),
('RFNQQ', 0),
('RFQUR', 0),
('RFUGQ', 0),
('RGHSG', 0),
('RGSLJ', 1),
('RHAIU', 0),
('RHPDR', 0),
('RIMMR', 0),
('RJEGP', 0),
('RJXRO', 0),
('RKDXO', 0),
('RKMKG', 0),
('RKNQN', 0),
('RKSTN', 0),
('RLNAC', 0),
('RLXXS', 0),
('RNBOK', 0),
('RONQO', 0),
('RPNUI', 1),
('RQHAX', 1),
('RQRPW', 1),
('RRBBB', 0),
('RRCJH', 0),
('RRHUP', 0),
('RRNCN', 1),
('RRPLS', 0),
('RRRAC', 0),
('RRRUA', 0),
('RRVDD', 1),
('RSCCD', 0),
('RSIHN', 0),
('RSQCC', 0),
('RTCVG', 0),
('RTTBD', 0),
('RTYKW', 0),
('RTYQA', 1),
('RUGRX', 0),
('RVNPT', 0),
('RXDQN', 0),
('RXLAB', 0),
('RXLBV', 1),
('RXOGI', 0),
('RYEAB', 0),
('RYGHA', 0),
('RYHXV', 1),
('RYKLB', 0),
('RYRYO', 0),
('SAFFA', 1),
('SBDMC', 0),
('SBHOI', 0),
('SCBMU', 0),
('SCFSR', 0),
('SCIVL', 1),
('SCYIJ', 0),
('SDFLU', 0),
('SDHYE', 0),
('SDMDO', 0),
('SDTIO', 0),
('SEECA', 0),
('SEGLO', 1),
('SEYWY', 0),
('SFHAX', 0),
('SFKHB', 0),
('SGJQW', 0),
('SGOYN', 0),
('SGTCQ', 0),
('SGUMN', 1),
('SGYXM', 0),
('SHEYP', 0),
('SHLAH', 0),
('SHVRR', 0),
('SIHSX', 0),
('SIIXL', 0),
('SJFXY', 0),
('SJNNM', 1),
('SJYAJ', 0),
('SKHIF', 0),
('SKLIO', 0),
('SKMJB', 0),
('SKNLD', 0),
('SKXWF', 0),
('SLODW', 1),
('SMALG', 0),
('SMJAL', 0),
('SMSTN', 1),
('SNTFS', 0),
('SOLOH', 0),
('SOUML', 0),
('SPFGW', 0),
('SPGDI', 0),
('SPIVT', 0),
('SPOEA', 0),
('SPSVR', 1),
('SQMJX', 0),
('SQSDN', 0),
('SQUXT', 0),
('SRIDH', 0),
('SRLFU', 0),
('SROOI', 0),
('SSKSH', 0),
('SSWYP', 0),
('STELX', 0),
('STFHR', 0),
('STNJI', 0),
('STQEQ', 0),
('STSVG', 0),
('STWDK', 0),
('SUEON', 0),
('SUYQW', 0),
('SVEDA', 0),
('SVXVS', 0),
('SVYAN', 0),
('SWAUM', 0),
('SWDBM', 0),
('SWKJE', 0),
('SWQNQ', 0),
('SWRXY', 0),
('SWWQQ', 0),
('SXSIE', 0),
('SXUWT', 0),
('SYWSQ', 0),
('TAPUW', 0),
('TATJB', 0),
('TAXMO', 0),
('TBCKC', 0),
('TBQOY', 0),
('TBXMB', 0),
('TCWUS', 0),
('TDBOD', 0),
('TDIKA', 0),
('TDMKP', 0),
('TDVYI', 0),
('TDYIF', 0),
('TEDJW', 0),
('TFMKV', 0),
('TFWDI', 0),
('TGHWS', 0),
('TGXDI', 0),
('THDCP', 1),
('THGOR', 0),
('THJBU', 0),
('THSCN', 0),
('TIBJW', 0),
('TIBKH', 1),
('TICIG', 0),
('TIMCQ', 0),
('TISMV', 0),
('TIUBN', 0),
('TJFLT', 0),
('TJJMR', 0),
('TJKTP', 0),
('TJVGD', 0),
('TJXEM', 0),
('TKDWJ', 0),
('TKDXG', 0),
('TKEQT', 0),
('TKKBW', 0),
('TLDBQ', 0),
('TLLNV', 1),
('TMATE', 0),
('TMOCD', 0),
('TOMNE', 0),
('TOQVB', 1),
('TPGSM', 0),
('TPHIC', 0),
('TPMMO', 0),
('TPXNF', 0),
('TQLHO', 0),
('TQRKA', 0),
('TQSUF', 0),
('TSVWP', 0),
('TSXRC', 0),
('TTUNE', 0),
('TUCAK', 0),
('TUXAD', 0),
('TWCRG', 0),
('TWEFE', 0),
('TWIIC', 0),
('TWRFO', 0),
('TWXOH', 0),
('TXAYA', 0),
('TXOKC', 0),
('TXSMB', 0),
('TYFER', 0),
('TYMSH', 0),
('TYWEK', 1),
('UAFIX', 0),
('UAIOF', 0),
('UCOVH', 0),
('UCYWO', 0),
('UDHLY', 0),
('UDSTI', 0),
('UDSTW', 0),
('UDTWY', 0),
('UEDPD', 0),
('UELJG', 0),
('UEOAO', 0),
('UFRRF', 0),
('UFSLY', 0),
('UGVYB', 0),
('UHCGR', 0),
('UHHUA', 1),
('UIAOH', 0),
('UIGEG', 0),
('UIMMC', 0),
('UIWGJ', 0),
('UJFLQ', 0),
('UJSVB', 0),
('ULJBF', 0),
('ULNJW', 0),
('UMKGH', 0),
('UMVLW', 0),
('UNFXC', 1),
('UOYKA', 0),
('UQBSI', 0),
('URFCB', 0),
('URILE', 0),
('URJPJ', 0),
('URWOU', 0),
('USCVO', 0),
('USPUO', 0),
('USWCH', 0),
('UTDFY', 0),
('UTGJB', 0),
('UTQPD', 1),
('UTVYD', 0),
('UVJGH', 0),
('UVKMH', 0),
('UVOWG', 0),
('UWDQD', 0),
('UWKKT', 0),
('UXBGJ', 0),
('UXBMG', 0),
('UXEVI', 0),
('UXFQC', 1),
('VAFCH', 0),
('VBJWB', 0),
('VBRXK', 0),
('VBXVQ', 0),
('VCIRO', 0),
('VCYBU', 0),
('VCYLJ', 1),
('VDCYK', 0),
('VDKEX', 0),
('VEKBI', 0),
('VFQEJ', 0),
('VFVEM', 0),
('VFVEN', 0),
('VFWBC', 0),
('VGQLI', 1),
('VGROX', 0),
('VGSCP', 0),
('VHOUD', 0),
('VIBVJ', 0),
('VIICS', 0),
('VIJXM', 0),
('VIQKO', 0),
('VJHMX', 0),
('VJYIL', 0),
('VKSBE', 0),
('VMQUS', 0),
('VMSUX', 0),
('VOTGT', 0),
('VPGAQ', 0),
('VPYJM', 0),
('VQBDP', 1),
('VQIMY', 0),
('VQNBN', 1),
('VRAKE', 1),
('VRJBU', 0),
('VRNQC', 0),
('VRQAM', 0),
('VRYYN', 0),
('VSEMA', 0),
('VSJMA', 0),
('VSQKM', 0),
('VSVWP', 0),
('VTEKU', 0),
('VTIWV', 0),
('VTJYI', 0),
('VTRGI', 0),
('VTVEW', 0),
('VULIO', 0),
('VUPHN', 1),
('VUXVD', 0),
('VVRYJ', 0),
('VVXAH', 0),
('VWNXG', 0),
('VXCHL', 0),
('VXDUB', 0),
('VXENL', 0),
('VXHJC', 0),
('VXIVP', 0),
('VXIWP', 0),
('VXNWQ', 0),
('VXOBV', 0),
('VYIUA', 0),
('WAHYW', 0),
('WAOLJ', 0),
('WATTN', 0),
('WAWXU', 0),
('WBDLK', 0),
('WBIJK', 0),
('WBJTF', 0),
('WCHJS', 0),
('WCOVE', 0),
('WCQOH', 0),
('WCTRY', 0),
('WEAHI', 0),
('WEOPX', 0),
('WETVJ', 0),
('WFGHL', 0),
('WFTQB', 0),
('WFWCX', 0),
('WGCQP', 0),
('WGGKM', 0),
('WGIGH', 0),
('WGLXW', 0),
('WGPRW', 0),
('WGTNE', 0),
('WGWKF', 0),
('WGXQG', 0),
('WHKOS', 0),
('WHPOG', 0),
('WIGBV', 0),
('WIHRK', 0),
('WIITM', 0),
('WIQWT', 0),
('WIXCT', 0),
('WIYBD', 0),
('WJMRN', 0),
('WKBYX', 0),
('WKIOA', 0),
('WKKHG', 0),
('WLABO', 0),
('WLHLP', 0),
('WLTXY', 0),
('WMDXH', 0),
('WMGGQ', 0),
('WNBMG', 0),
('WNDCT', 1),
('WOEVU', 0),
('WOQCY', 0),
('WOYAK', 0),
('WPAGK', 1),
('WPFCV', 0),
('WPVDI', 0),
('WPVPO', 0),
('WQPXE', 0),
('WQTUQ', 0),
('WQWHE', 0),
('WQYAH', 0),
('WSCOS', 0),
('WSKOR', 0),
('WSOEH', 1),
('WSSXU', 0),
('WSVFQ', 0),
('WTQNX', 0),
('WTRIR', 0),
('WVBXG', 0),
('WVCSK', 0),
('WVDOB', 0),
('WVXJP', 0),
('WVYOA', 0),
('WWABS', 0),
('WWFLC', 0),
('WXKWL', 0),
('WXLRC', 1),
('WXOQK', 0),
('WYCJM', 0),
('WYTPR', 0),
('WYUVB', 0),
('XAIUM', 0),
('XBDAD', 0),
('XBEJD', 0),
('XBIIS', 0),
('XCCUT', 0),
('XCEKC', 0),
('XCJDC', 1),
('XCJYG', 0),
('XCRYA', 0),
('XEILQ', 0),
('XEKWH', 1),
('XEMLS', 0),
('XENKM', 0),
('XEOTD', 1),
('XEQHJ', 0),
('XGDSA', 1),
('XGDTF', 0),
('XGIIP', 0),
('XGWUP', 0),
('XHGLI', 0),
('XHPIH', 0),
('XJDXI', 0),
('XJIBU', 0),
('XJTAR', 0),
('XJWMU', 0),
('XKPMY', 0),
('XLHWB', 1),
('XLJLW', 0),
('XLUEN', 0),
('XLYVV', 0),
('XMEAR', 0),
('XMHQS', 1),
('XMSXB', 1),
('XNNEH', 1),
('XOBQL', 0),
('XOERO', 0),
('XPDXI', 0),
('XPURJ', 0),
('XPWTH', 0),
('XPYLI', 0),
('XRALT', 0),
('XROKC', 0),
('XRQBI', 1),
('XRXVU', 0),
('XRYGX', 0),
('XSLYK', 0),
('XTUER', 0),
('XTVEV', 1),
('XUKOX', 0),
('XUWUD', 0),
('XVDCG', 1),
('XVTAV', 0),
('XVXJF', 0),
('XWMKY', 0),
('XWNEJ', 0),
('XXHGD', 0),
('XXHHE', 0),
('XXPTW', 0),
('XXRID', 0),
('XXXCS', 0),
('XYCEA', 1),
('XYVWN', 0),
('XYWQM', 0),
('YAAYJ', 0),
('YACIL', 0),
('YAMXE', 0),
('YAPFY', 0),
('YAWDQ', 0),
('YAWNO', 0),
('YBEMD', 0),
('YBXIY', 0),
('YBYTI', 0),
('YCBMF', 0),
('YCBYR', 0),
('YCCLQ', 0),
('YCEDW', 0),
('YCTKP', 0),
('YCVSW', 0),
('YDDNT', 0),
('YDGKU', 0),
('YDGSK', 0),
('YDJVI', 0),
('YEMFG', 0),
('YFAVL', 0),
('YGARB', 0),
('YGCLS', 0),
('YGCTC', 1),
('YGJEE', 0),
('YHGFS', 0),
('YHHCC', 0),
('YHNBW', 0),
('YHXUK', 0),
('YIEQB', 0),
('YILII', 0),
('YILYR', 0),
('YINWU', 0),
('YIUSR', 0),
('YIUUX', 0),
('YJABJ', 0),
('YJRRB', 0),
('YKCTN', 0),
('YKGUY', 0),
('YKHSP', 0),
('YKREF', 0),
('YLDTS', 0),
('YLNAM', 0),
('YMGFS', 0),
('YNWKA', 0),
('YOAMX', 0),
('YORJI', 0),
('YOWYG', 0),
('YPLBN', 0),
('YQIWA', 0),
('YRFBA', 0),
('YRVKR', 0),
('YSAXG', 0),
('YSTMA', 0),
('YTDVI', 0),
('YTLMA', 0),
('YTNUB', 0),
('YTPRO', 0),
('YTVBE', 0),
('YUFNV', 0),
('YUGEK', 0),
('YUVMI', 0),
('YVHIG', 1),
('YVKTY', 0),
('YVQVA', 0),
('YVUMA', 0),
('YVXTA', 0),
('YWBCK', 0),
('YWOQS', 0),
('YWVQQ', 0),
('YXFBU', 0),
('YYCMY', 0),
('YYJMG', 0),
('YYMOF', 0),
('YYQXD', 0),
('YYROQ', 0);

-- --------------------------------------------------------

--
-- Table structure for table `tbl_suara`
--

CREATE TABLE `tbl_suara` (
  `id_suara` int(4) NOT NULL,
  `id_pemilih` varchar(5) NOT NULL,
  `id_kandidat` int(2) NOT NULL,
  `waktu` datetime NOT NULL,
  `poin` int(1) NOT NULL
) ENGINE=InnoDB DEFAULT CHARSET=latin1;

--
-- Dumping data for table `tbl_suara`
--

INSERT INTO `tbl_suara` (`id_suara`, `id_pemilih`, `id_kandidat`, `waktu`, `poin`) VALUES
(1, 'PVVAT', 7, '2018-10-18 03:10:37', 1),
(2, 'TDYIF', 1, '2018-10-18 03:11:02', 1),
(3, 'TAPUW', 1, '2018-10-18 03:11:10', 1),
(4, 'cdwds', 1, '2018-10-18 03:11:20', 1),
(5, 'kvgsm', 1, '2018-10-18 03:11:36', 1),
(6, 'pdpxr', 1, '2018-10-18 03:11:36', 1),
(7, 'CJXPF', 5, '2018-10-18 03:11:40', 1),
(8, 'COWFK', 1, '2018-10-18 03:11:57', 1),
(9, 'YPLBN', 1, '2018-10-18 03:12:16', 1),
(10, 'DLJSG', 5, '2018-10-18 03:12:25', 1),
(11, 'NGGQV', 5, '2018-10-18 03:12:28', 1),
(12, 'OSVQO', 1, '2018-10-18 03:12:56', 1),
(13, 'TYMSH', 5, '2018-10-18 03:12:56', 1),
(14, 'vxnwq', 5, '2018-10-18 03:13:00', 1),
(15, 'siixl', 5, '2018-10-18 03:13:07', 1),
(16, 'yilii', 5, '2018-10-18 03:13:10', 1),
(17, 'KAKCF', 1, '2018-10-18 03:13:33', 1),
(18, 'ewiuf', 5, '2018-10-18 03:13:40', 1),
(19, 'buync', 3, '2018-10-18 03:13:58', 1),
(20, 'XGIIP', 1, '2018-10-18 03:13:59', 1),
(21, 'TUXAD', 1, '2018-10-18 03:14:03', 1),
(22, 'PTMCW', 5, '2018-10-18 03:14:21', 1),
(23, 'HLLMX', 5, '2018-10-18 03:14:30', 1),
(24, 'NNUTE', 5, '2018-10-18 03:14:52', 1),
(25, 'NFQPO', 1, '2018-10-18 03:14:53', 1),
(26, 'LANFH', 1, '2018-10-18 03:15:04', 1),
(27, 'RYGHA', 1, '2018-10-18 03:15:20', 1),
(28, 'EAVLN', 1, '2018-10-18 03:15:53', 1),
(29, 'URJPJ', 4, '2018-10-18 03:15:58', 1),
(30, 'YAAYJ', 4, '2018-10-18 03:16:01', 1),
(31, 'KQLAM', 4, '2018-10-18 03:16:04', 1),
(32, 'PSJII', 4, '2018-10-18 03:16:21', 1),
(33, 'NNWEP', 4, '2018-10-18 03:16:21', 1),
(34, 'YCBYR', 4, '2018-10-18 03:16:32', 1),
(35, 'CSFDW', 1, '2018-10-18 03:16:32', 1),
(36, 'DJMEH', 1, '2018-10-18 03:16:47', 1),
(37, 'RRRAC', 1, '2018-10-18 03:16:54', 1),
(38, 'FDYUL', 2, '2018-10-18 03:16:59', 1),
(39, 'DBVNS', 4, '2018-10-18 03:17:04', 1),
(40, 'XHPIH', 4, '2018-10-18 03:17:34', 1),
(41, 'AYBAN', 4, '2018-10-18 03:17:36', 1),
(42, 'loawn', 4, '2018-10-18 03:17:49', 1),
(43, 'MLTTM', 4, '2018-10-18 03:17:52', 1),
(44, 'GJSXJ', 4, '2018-10-18 03:18:01', 1),
(45, 'NGSEP', 4, '2018-10-18 03:18:05', 1),
(46, 'oyruj', 4, '2018-10-18 03:18:06', 1),
(47, 'DMIGF', 3, '2018-10-18 03:18:07', 1),
(48, 'fmnqq', 1, '2018-10-18 03:18:08', 1),
(49, 'WVXJP', 1, '2018-10-18 03:18:39', 1),
(50, 'QSHXW', 4, '2018-10-18 03:18:41', 1),
(51, 'LCWVU', 4, '2018-10-18 03:18:53', 1),
(52, 'jptyq', 1, '2018-10-18 03:19:05', 1),
(53, 'ADWIU', 1, '2018-10-18 03:19:35', 1),
(54, 'FSKRM', 1, '2018-10-18 03:19:42', 1),
(55, 'NIRHN', 4, '2018-10-18 03:21:39', 1),
(56, 'LDQDC', 4, '2018-10-18 03:21:45', 1),
(57, 'LPRAV', 4, '2018-10-18 03:21:58', 1),
(58, 'JPVYL', 4, '2018-10-18 03:21:58', 1),
(59, 'VUXVD', 1, '2018-10-18 03:21:59', 1),
(60, 'LEGQK', 4, '2018-10-18 03:22:07', 1),
(61, 'RDKUQ', 7, '2018-10-18 03:22:30', 1),
(62, 'BVCJW', 4, '2018-10-18 03:22:36', 1),
(63, 'EDKII', 4, '2018-10-18 03:22:39', 1),
(64, 'YJRRB', 5, '2018-10-18 03:24:37', 1),
(65, 'IAREU', 2, '2018-10-18 03:24:38', 1),
(66, 'yapfy', 6, '2018-10-18 03:24:48', 1),
(67, 'WGIGH', 1, '2018-10-18 03:24:51', 1),
(68, 'YLDTS', 1, '2018-10-18 03:24:51', 1),
(69, 'CXAAS', 3, '2018-10-18 03:25:13', 1),
(70, 'GIKED', 1, '2018-10-18 03:25:17', 1),
(71, 'yhnbw', 1, '2018-10-18 03:25:20', 1),
(72, 'DGLGL', 3, '2018-10-18 03:25:26', 1),
(73, 'DDOOM', 4, '2018-10-18 03:25:28', 1),
(74, 'GLFBG', 1, '2018-10-18 03:25:31', 1),
(75, 'EKHBA', 4, '2018-10-18 03:25:32', 1),
(76, 'CVBQQ', 1, '2018-10-18 03:25:37', 1),
(77, 'orfjv', 1, '2018-10-18 03:26:12', 1),
(78, 'UEDPD', 1, '2018-10-18 03:26:22', 1),
(79, 'JYVCY', 1, '2018-10-18 03:26:24', 1),
(80, 'fyeit', 1, '2018-10-18 03:26:27', 1),
(81, 'CFVPR', 1, '2018-10-18 03:26:32', 1),
(82, 'FTFKL', 1, '2018-10-18 03:26:44', 1),
(83, 'RFDGS', 1, '2018-10-18 03:27:00', 1),
(84, 'wahyw', 5, '2018-10-18 03:27:00', 1),
(85, 'BTMHE', 1, '2018-10-18 03:27:16', 1),
(86, 'JVPPW', 1, '2018-10-18 03:27:17', 1),
(87, 'OYUHD', 1, '2018-10-18 03:27:20', 1),
(88, 'JMSJK', 6, '2018-10-18 03:27:32', 1),
(89, 'BWUCD', 1, '2018-10-18 03:27:33', 1),
(90, 'NBCKM', 1, '2018-10-18 03:27:41', 1),
(91, 'DKVAV', 6, '2018-10-18 03:27:56', 1),
(92, 'RTYKW', 6, '2018-10-18 03:28:04', 1),
(93, 'oeaxu', 4, '2018-10-18 03:28:19', 1),
(94, 'QCMIA', 1, '2018-10-18 03:28:25', 1),
(95, 'DPTLD', 6, '2018-10-18 03:28:56', 1),
(96, 'VDKEX', 1, '2018-10-18 03:29:25', 1),
(97, 'APVGA', 1, '2018-10-18 03:29:37', 1),
(98, 'NAQMV', 1, '2018-10-18 03:29:38', 1),
(99, 'gjlca', 2, '2018-10-18 03:29:45', 1),
(100, 'pxygw', 6, '2018-10-18 03:29:50', 1),
(101, 'YINWU', 1, '2018-10-18 03:29:58', 1),
(102, 'IHKRD', 1, '2018-10-18 03:30:00', 1),
(103, 'QOCOY', 1, '2018-10-18 03:30:04', 1),
(104, 'KMUIF', 1, '2018-10-18 03:30:09', 1),
(105, 'DXLWM', 6, '2018-10-18 03:30:26', 1),
(106, 'HLWCX', 1, '2018-10-18 03:30:27', 1),
(107, 'NQUHT', 1, '2018-10-18 03:30:31', 1),
(108, 'wfwcx', 1, '2018-10-18 03:30:33', 1),
(109, 'BYIDK', 1, '2018-10-18 03:30:33', 1),
(110, 'ycvsw', 4, '2018-10-18 03:30:37', 1),
(111, 'FOQJP', 1, '2018-10-18 03:31:31', 1),
(112, 'LHXXC', 1, '2018-10-18 03:31:31', 1),
(113, 'IKXSK', 1, '2018-10-18 03:31:38', 1),
(114, 'FDIRJ', 1, '2018-10-18 03:32:11', 1),
(115, 'GNHFM', 1, '2018-10-18 03:32:26', 1),
(116, 'JEIJQ', 6, '2018-10-18 03:32:32', 1),
(117, 'LGDBS', 1, '2018-10-18 03:32:35', 1),
(118, 'gcpyw', 6, '2018-10-18 03:32:45', 1),
(119, 'fwpkj', 1, '2018-10-18 03:32:49', 1),
(120, 'HESLP', 1, '2018-10-18 03:32:55', 1),
(121, 'tfmkv', 4, '2018-10-18 03:32:56', 1),
(122, 'KFAOF', 1, '2018-10-18 03:33:00', 1),
(123, 'DHSUG', 6, '2018-10-18 03:33:08', 1),
(124, 'PJGMJ', 1, '2018-10-18 03:33:22', 1),
(125, 'HPWAW', 6, '2018-10-18 03:33:25', 1),
(126, 'HPOMG', 1, '2018-10-18 03:33:46', 1),
(127, 'MGWSJ', 1, '2018-10-18 03:34:01', 1),
(128, 'GINAU', 1, '2018-10-18 03:34:26', 1),
(129, 'XOBQL', 1, '2018-10-18 03:34:35', 1),
(130, 'TGHWS', 1, '2018-10-18 03:34:43', 1),
(131, 'WYCJM', 1, '2018-10-18 03:34:47', 1),
(132, 'MFMOT', 1, '2018-10-18 03:34:54', 1),
(133, 'VRNQC', 4, '2018-10-18 03:35:02', 1),
(134, 'dwnll', 4, '2018-10-18 03:35:06', 1),
(135, 'JFYGP', 1, '2018-10-18 03:35:21', 1),
(136, 'SSWYP', 4, '2018-10-18 03:35:38', 1),
(137, 'CYOKG', 1, '2018-10-18 03:35:42', 1),
(138, 'VHOUD', 6, '2018-10-18 03:35:43', 1),
(139, 'TQSUF', 4, '2018-10-18 03:35:49', 1),
(140, 'vgrox', 2, '2018-10-18 03:35:51', 1),
(141, 'QEIQN', 1, '2018-10-18 03:36:04', 1),
(142, 'VIICS', 6, '2018-10-18 03:37:53', 1),
(143, 'OBPTY', 4, '2018-10-18 03:37:57', 1),
(144, 'SFHAX', 4, '2018-10-18 03:38:09', 1),
(145, 'JKPVJ', 6, '2018-10-18 03:38:22', 1),
(146, 'RYEAB', 6, '2018-10-18 03:38:25', 1),
(147, 'HKAWS', 6, '2018-10-18 03:38:30', 1),
(148, 'JVIJJ', 6, '2018-10-18 03:38:33', 1),
(149, 'GONWR', 1, '2018-10-18 03:38:34', 1),
(150, 'FNUCC', 6, '2018-10-18 03:38:41', 1),
(151, 'wqtuq', 3, '2018-10-18 03:38:43', 1),
(152, 'CMTWO', 1, '2018-10-18 03:38:55', 1),
(153, 'ADBAT', 4, '2018-10-18 03:38:55', 1),
(154, 'cnrnf', 6, '2018-10-18 03:39:04', 1),
(155, 'WCQOH', 4, '2018-10-18 03:39:14', 1),
(156, 'xpdxi', 1, '2018-10-18 03:39:29', 1),
(157, 'QGAKC', 1, '2018-10-18 03:39:32', 1),
(158, 'XPYLI', 6, '2018-10-18 03:39:36', 1),
(159, 'ALGPV', 1, '2018-10-18 03:39:45', 1),
(160, 'SCFSR', 6, '2018-10-18 03:39:48', 1),
(161, 'vRQAM', 4, '2018-10-18 03:39:56', 1),
(162, 'eruwo', 4, '2018-10-18 03:40:02', 1),
(163, 'ocqmp', 6, '2018-10-18 03:40:05', 1),
(164, 'JTAMC', 4, '2018-10-18 03:40:07', 1),
(165, 'DFKQJ', 6, '2018-10-18 03:40:22', 1),
(166, 'GNBXD', 4, '2018-10-18 03:40:27', 1),
(167, 'LXFPV', 6, '2018-10-18 03:40:40', 1),
(168, 'XJWMU', 6, '2018-10-18 03:41:01', 1),
(169, 'RCFHS', 6, '2018-10-18 03:41:10', 1),
(170, 'FBSBK', 4, '2018-10-18 03:41:11', 1),
(171, 'OBCWY', 4, '2018-10-18 03:41:15', 1),
(172, 'SNTFS', 4, '2018-10-18 03:41:26', 1),
(173, 'SEECA', 1, '2018-10-18 03:41:32', 1),
(174, 'XSLYK', 2, '2018-10-18 03:41:35', 1),
(175, 'ntcqi', 1, '2018-10-18 03:41:39', 1),
(176, 'HHHLL', 4, '2018-10-18 03:43:06', 1),
(177, 'YDGKU', 4, '2018-10-18 03:43:11', 1),
(178, 'wgcqp', 4, '2018-10-18 03:43:16', 1),
(179, 'NUDIJ', 4, '2018-10-18 03:43:27', 1),
(180, 'pcdhy', 4, '2018-10-18 03:43:31', 1),
(181, 'PYFOH', 4, '2018-10-18 03:43:37', 1),
(182, 'MGFUQ', 4, '2018-10-18 03:43:52', 1),
(183, 'Uxevi', 6, '2018-10-18 03:43:54', 1),
(184, 'QUDXE', 4, '2018-10-18 03:43:55', 1),
(185, 'BBHQP', 4, '2018-10-18 03:44:04', 1),
(186, 'vtiwv', 4, '2018-10-18 03:44:17', 1),
(187, 'abejk', 1, '2018-10-18 03:44:18', 1),
(188, 'Ifcdh', 4, '2018-10-18 03:44:20', 1),
(189, 'ATTXA', 4, '2018-10-18 03:44:44', 1),
(190, 'dwvqw', 4, '2018-10-18 03:44:47', 1),
(191, 'BWTGS', 6, '2018-10-18 03:44:48', 1),
(192, 'igwpg', 4, '2018-10-18 03:45:00', 1),
(193, 'TISMV', 4, '2018-10-18 03:45:03', 1),
(194, 'WYTPR', 4, '2018-10-18 03:45:14', 1),
(195, 'WVDOB', 4, '2018-10-18 03:45:15', 1),
(196, 'JODAJ', 4, '2018-10-18 03:45:35', 1),
(197, 'vfvem', 4, '2018-10-18 03:45:36', 1),
(198, 'HJOMI', 4, '2018-10-18 03:45:50', 1),
(199, 'TPGSM', 4, '2018-10-18 03:45:51', 1),
(200, 'GAMYI', 4, '2018-10-18 03:45:58', 1),
(201, 'JFRYW', 2, '2018-10-18 03:45:58', 1),
(202, 'BCXOJ', 4, '2018-10-18 03:46:01', 1),
(203, 'NAHRO', 4, '2018-10-18 03:46:25', 1),
(204, 'TOMNE', 4, '2018-10-18 03:46:25', 1),
(205, 'AGXWU', 4, '2018-10-18 03:46:36', 1),
(206, 'YVQVA', 4, '2018-10-18 03:46:42', 1),
(207, 'MHIVN', 1, '2018-10-18 03:46:45', 1),
(208, 'YHHCC', 4, '2018-10-18 03:46:52', 1),
(209, 'qtwgj', 4, '2018-10-18 03:46:55', 1),
(210, 'DSGBM', 4, '2018-10-18 03:47:04', 1),
(211, 'JLQAR', 4, '2018-10-18 03:47:14', 1),
(212, 'TFWDI', 4, '2018-10-18 03:47:53', 1),
(213, 'HVMJU', 4, '2018-10-18 03:48:03', 1),
(214, 'CVLQH', 1, '2018-10-18 03:50:25', 1),
(215, 'JIRSW', 6, '2018-10-18 03:50:25', 1),
(216, 'xxxcs', 6, '2018-10-18 03:50:33', 1),
(217, 'FMUIG', 6, '2018-10-18 03:50:37', 1),
(218, 'QHBQW', 1, '2018-10-18 03:50:37', 1),
(219, 'fbyve', 1, '2018-10-18 03:50:38', 1),
(220, 'YMGFS', 4, '2018-10-18 03:50:45', 1),
(221, 'foesj', 1, '2018-10-18 03:51:27', 1),
(222, 'oiowv', 1, '2018-10-18 03:52:56', 1),
(223, 'VXOBV', 6, '2018-10-18 03:53:03', 1),
(224, 'IVBTW', 1, '2018-10-18 03:53:12', 1),
(225, 'DPEKN', 1, '2018-10-18 03:53:39', 1),
(226, 'xwnej', 4, '2018-10-18 03:53:44', 1),
(227, 'dkjkh', 1, '2018-10-18 03:53:48', 1),
(228, 'GQJJC', 1, '2018-10-18 03:53:51', 1),
(229, 'ESQDH', 6, '2018-10-18 03:53:56', 1),
(230, 'hufgv', 6, '2018-10-18 03:54:08', 1),
(231, 'iaggo', 1, '2018-10-18 03:54:10', 1),
(232, 'LLRES', 6, '2018-10-18 03:54:39', 1),
(233, 'VRYYN', 1, '2018-10-18 03:54:45', 1),
(234, 'FNDCN', 1, '2018-10-18 03:54:48', 1),
(235, 'MSAPY', 1, '2018-10-18 03:54:57', 1),
(236, 'VIBVJ', 2, '2018-10-18 03:55:25', 1),
(237, 'CGCNB', 1, '2018-10-18 03:55:34', 1),
(238, 'jmhjq', 4, '2018-10-18 03:55:53', 1),
(239, 'CQTBR', 4, '2018-10-18 03:56:04', 1),
(240, 'lkagj', 1, '2018-10-18 03:56:10', 1),
(241, 'NSVFH', 4, '2018-10-18 03:56:52', 1),
(242, 'HQSAH', 6, '2018-10-18 03:57:04', 1),
(243, 'vksbe', 1, '2018-10-18 03:57:31', 1),
(244, 'AGQKF', 2, '2018-10-18 03:57:42', 1),
(245, 'VIQKO', 1, '2018-10-18 03:57:50', 1),
(246, 'HEKYB', 1, '2018-10-18 03:58:00', 1),
(247, 'tqlho', 3, '2018-10-18 03:58:02', 1),
(248, 'PYRLV', 4, '2018-10-18 03:58:14', 1),
(249, 'kmsru', 6, '2018-10-18 04:00:16', 1),
(250, 'SMJAL', 5, '2018-10-18 04:00:45', 1),
(251, 'KXSDM', 6, '2018-10-18 04:00:53', 1),
(252, 'sfkhb', 4, '2018-10-18 04:01:03', 1),
(253, 'LVOCV', 6, '2018-10-18 04:02:38', 1),
(254, 'GEQCU', 6, '2018-10-18 04:02:39', 1),
(255, 'IKPJX', 1, '2018-10-18 04:02:48', 1),
(256, 'cuecv', 6, '2018-10-18 04:02:57', 1),
(257, 'ytdvi', 1, '2018-10-18 04:03:07', 1),
(258, 'vqimy', 1, '2018-10-18 04:03:35', 1),
(259, 'XRYGX', 6, '2018-10-18 04:03:50', 1),
(260, 'ECHBB', 4, '2018-10-18 04:04:17', 1),
(261, 'spoea', 4, '2018-10-18 04:04:21', 1),
(262, 'JDjnn', 1, '2018-10-18 04:04:46', 1),
(263, 'XLYVV', 6, '2018-10-18 04:05:37', 1),
(264, 'TGXDI', 6, '2018-10-18 04:06:17', 1),
(265, 'BRXWS', 6, '2018-10-18 04:06:32', 1),
(266, 'DANHX', 6, '2018-10-18 04:06:43', 1),
(267, 'xxptw', 5, '2018-10-18 04:06:49', 1),
(268, 'IWSQR', 6, '2018-10-18 04:07:09', 1),
(269, 'vsqkm', 6, '2018-10-18 04:07:12', 1),
(270, 'FKNYD', 6, '2018-10-18 04:07:28', 1),
(271, 'QIXGE', 6, '2018-10-18 04:07:48', 1),
(272, 'CBDPE', 4, '2018-10-18 04:07:54', 1),
(273, 'urwou', 1, '2018-10-18 04:07:59', 1),
(274, 'uwdqd', 6, '2018-10-18 04:08:26', 1),
(275, 'scbmu', 6, '2018-10-18 04:08:45', 1),
(276, 'LYCUK', 4, '2018-10-18 04:09:16', 1),
(277, 'VSJMA', 4, '2018-10-18 04:09:16', 1),
(278, 'JFKOK', 6, '2018-10-18 04:09:22', 1),
(279, 'JIYPB', 4, '2018-10-18 04:09:32', 1),
(280, 'XROKC', 4, '2018-10-18 04:10:11', 1),
(281, 'CCQHD', 1, '2018-10-18 04:12:37', 1),
(282, 'Hxcsv', 2, '2018-10-18 04:12:52', 1),
(283, 'SDTIO', 3, '2018-10-18 04:13:09', 1),
(284, 'tsvwp', 6, '2018-10-18 04:13:43', 1),
(285, 'SPIVT', 2, '2018-10-18 04:14:19', 1),
(286, 'GCIKN', 1, '2018-10-18 04:14:31', 1),
(287, 'sknld', 1, '2018-10-18 04:14:38', 1),
(288, 'Tjvgd', 1, '2018-10-18 04:14:56', 1),
(289, 'ugvyb', 6, '2018-10-18 04:15:02', 1),
(290, 'bvrfr', 1, '2018-10-18 04:15:03', 1),
(291, 'bhfpy', 4, '2018-10-18 04:15:04', 1),
(292, 'pcuel', 2, '2018-10-18 04:15:24', 1),
(293, 'uvowg', 1, '2018-10-18 04:16:00', 1),
(294, 'mockg', 1, '2018-10-18 04:16:06', 1),
(295, 'SHLAH', 6, '2018-10-18 04:16:10', 1),
(296, 'wxkwl', 1, '2018-10-18 04:16:32', 1),
(297, 'QDTVE', 4, '2018-10-18 04:16:38', 1),
(298, 'khwra', 5, '2018-10-18 04:16:54', 1),
(299, 'OTRVL', 1, '2018-10-18 04:17:06', 1),
(300, 'LUYJN', 6, '2018-10-18 04:17:12', 1),
(301, 'mkcoh', 1, '2018-10-18 04:17:22', 1),
(302, 'EUUTI', 7, '2018-10-18 04:17:47', 1),
(303, 'pedoh', 4, '2018-10-18 04:18:11', 1),
(304, 'lrapb', 4, '2018-10-18 04:18:26', 1),
(305, 'ILBBQ', 1, '2018-10-18 04:18:38', 1),
(306, 'AJIGX', 1, '2018-10-18 04:18:43', 1),
(307, 'KVTOU', 3, '2018-10-18 04:18:46', 1),
(308, 'VTJYI', 4, '2018-10-18 04:22:23', 1),
(309, 'tjjmr', 6, '2018-10-18 04:22:37', 1),
(310, 'xmear', 1, '2018-10-18 04:22:44', 1),
(311, 'aprvd', 6, '2018-10-18 04:22:52', 1),
(312, 'wpfcv', 2, '2018-10-18 04:23:06', 1),
(313, 'MWNXV', 6, '2018-10-18 04:23:12', 1),
(314, 'SWDBM', 7, '2018-10-18 04:23:48', 1),
(315, 'TXOKC', 6, '2018-10-18 04:24:03', 1),
(316, 'HHSKS', 1, '2018-10-18 04:24:12', 1),
(317, 'TSXRC', 1, '2018-10-18 04:24:13', 1),
(318, 'lfcjn', 4, '2018-10-18 04:24:54', 1),
(319, 'FNWGK', 1, '2018-10-18 04:24:56', 1),
(320, 'NGNXD', 7, '2018-10-18 04:25:02', 1),
(321, 'KXHDO', 4, '2018-10-18 04:25:21', 1),
(322, 'JELMJ', 1, '2018-10-18 04:25:29', 1),
(323, 'igrnk', 3, '2018-10-18 04:25:40', 1),
(324, 'joyqo', 4, '2018-10-18 04:25:45', 1),
(325, 'GHSXC', 1, '2018-10-18 04:25:47', 1),
(326, 'seywy', 6, '2018-10-18 04:26:02', 1),
(327, 'NMJUK', 1, '2018-10-18 04:26:02', 1),
(328, 'NMTRS', 1, '2018-10-18 04:26:25', 1),
(329, 'TXAYA', 1, '2018-10-18 04:26:34', 1),
(330, 'WFGHL', 6, '2018-10-18 04:26:35', 1),
(331, 'LNGNH', 1, '2018-10-18 04:26:39', 1),
(332, 'tdmkp', 1, '2018-10-18 04:26:57', 1),
(333, 'RJEGP', 2, '2018-10-18 04:27:25', 1),
(334, 'IFMVI', 1, '2018-10-18 04:27:46', 1),
(335, 'AHPNN', 1, '2018-10-18 04:27:52', 1),
(336, 'LFYHO', 4, '2018-10-18 04:27:55', 1),
(337, 'eomxc', 2, '2018-10-18 04:28:00', 1),
(338, 'PGEWW', 1, '2018-10-18 04:28:03', 1),
(339, 'HAIIJ', 1, '2018-10-18 04:28:25', 1),
(340, 'SVEDA', 1, '2018-10-18 04:28:47', 1),
(341, 'SJFXY', 6, '2018-10-18 04:29:24', 1),
(342, 'yoamx', 1, '2018-10-18 04:30:48', 1),
(343, 'eanxv', 4, '2018-10-18 04:30:49', 1),
(344, 'RECDU', 4, '2018-10-18 04:31:11', 1),
(345, 'ihral', 1, '2018-10-18 04:32:12', 1),
(346, 'DTFLA', 1, '2018-10-18 04:32:27', 1),
(347, 'elsxh', 2, '2018-10-18 04:32:29', 1),
(348, 'ICLJG', 1, '2018-10-18 04:32:31', 1),
(349, 'AMNVV', 6, '2018-10-18 04:33:15', 1),
(350, 'FSXTE', 6, '2018-10-18 04:35:31', 1),
(351, 'ckaxj', 6, '2018-10-18 04:35:55', 1),
(352, 'QXAHX', 4, '2018-10-18 04:36:16', 1),
(353, 'RALUO', 4, '2018-10-18 04:36:18', 1),
(354, 'Pjgye', 4, '2018-10-18 04:36:20', 1),
(355, 'LMDCQ', 4, '2018-10-18 04:36:25', 1),
(356, 'TJFLT', 1, '2018-10-18 04:36:32', 1),
(357, 'SKHIF', 4, '2018-10-18 04:36:33', 1),
(358, 'RXDQN', 1, '2018-10-18 04:37:06', 1),
(359, 'OTYOK', 4, '2018-10-18 04:37:08', 1),
(360, 'GCBMW', 4, '2018-10-18 04:37:14', 1),
(361, 'qcoqv', 4, '2018-10-18 04:37:25', 1),
(362, 'PYEMW', 4, '2018-10-18 04:37:42', 1),
(363, 'QFSNE', 4, '2018-10-18 04:37:52', 1),
(364, 'QRWGJ', 6, '2018-10-18 04:37:52', 1),
(365, 'QCJKF', 4, '2018-10-18 04:38:15', 1),
(366, 'kyaou', 4, '2018-10-18 04:38:26', 1),
(367, 'qmesa', 6, '2018-10-18 04:38:29', 1),
(368, 'mxefr', 4, '2018-10-18 04:38:40', 1),
(369, 'ybxiy', 4, '2018-10-18 04:39:00', 1),
(370, 'wawxu', 2, '2018-10-18 04:39:13', 1),
(371, 'XXHHE', 2, '2018-10-18 04:39:16', 1),
(372, 'fhakf', 1, '2018-10-18 04:39:24', 1),
(373, 'SXSIE', 4, '2018-10-18 04:39:26', 1),
(374, 'cgkrk', 4, '2018-10-18 04:39:37', 1),
(375, 'jvxnv', 2, '2018-10-18 04:39:47', 1),
(376, 'xyvwn', 4, '2018-10-18 04:39:54', 1),
(377, 'LJVKJ', 4, '2018-10-18 04:40:02', 1),
(378, 'MGIEP', 4, '2018-10-18 04:40:12', 1),
(379, 'MOTVU', 4, '2018-10-18 04:40:28', 1),
(380, 'mjirf', 6, '2018-10-18 04:40:53', 1),
(381, 'AJXIM', 4, '2018-10-18 04:40:56', 1),
(382, 'BXFAK', 1, '2018-10-18 04:40:57', 1),
(383, 'qfhwp', 4, '2018-10-18 04:41:08', 1),
(384, 'ffffc', 4, '2018-10-18 04:41:17', 1),
(385, 'rlxxs', 6, '2018-10-18 04:41:41', 1),
(386, 'qafry', 1, '2018-10-18 04:44:09', 1),
(387, 'kgtcq', 5, '2018-10-18 04:44:11', 1),
(388, 'IQEOO', 5, '2018-10-18 04:44:27', 1),
(389, 'pjiux', 5, '2018-10-18 04:44:38', 1),
(390, 'PCKYD', 6, '2018-10-18 04:45:04', 1),
(391, 'VDCYK', 1, '2018-10-18 04:45:16', 1),
(392, 'WIXCT', 1, '2018-10-18 04:47:07', 1),
(393, 'WVYOA', 4, '2018-10-18 04:47:17', 1),
(394, 'fjhyq', 1, '2018-10-18 04:47:32', 1),
(395, 'mrgdx', 4, '2018-10-18 04:47:46', 1),
(396, 'ggxre', 4, '2018-10-18 04:47:47', 1),
(397, 'DNBRF', 6, '2018-10-18 04:47:48', 1),
(398, 'peloh', 4, '2018-10-18 04:48:00', 1),
(399, 'AHJJO', 4, '2018-10-18 04:48:03', 1),
(400, 'cnhnt', 4, '2018-10-18 04:48:11', 1),
(401, 'ykctn', 4, '2018-10-18 04:48:17', 1),
(402, 'PMVVR', 4, '2018-10-18 04:48:36', 1),
(403, 'cvyob', 4, '2018-10-18 04:49:00', 1),
(404, 'diknp', 4, '2018-10-18 04:49:07', 1),
(405, 'Akxxe', 4, '2018-10-18 04:49:09', 1),
(406, 'yorji', 4, '2018-10-18 04:49:12', 1),
(407, 'DCFEJ', 4, '2018-10-18 04:49:36', 1),
(408, 'ktval', 4, '2018-10-18 04:49:43', 1),
(409, 'vsema', 6, '2018-10-18 04:50:17', 1),
(410, 'EHXTD', 4, '2018-10-18 04:50:25', 1),
(411, 'feqas', 2, '2018-10-18 04:50:31', 1),
(412, 'HRAOG', 4, '2018-10-18 04:50:48', 1),
(413, 'avxau', 6, '2018-10-18 04:50:50', 1),
(414, 'wsvfq', 1, '2018-10-18 04:50:54', 1),
(415, 'fwlsb', 4, '2018-10-18 04:51:33', 1),
(416, 'fjtgb', 1, '2018-10-18 04:52:03', 1),
(417, 'PKAII', 4, '2018-10-18 04:52:07', 1),
(418, 'Goubx', 4, '2018-10-18 04:52:08', 1),
(419, 'FRCGI', 1, '2018-10-18 04:52:26', 1),
(420, 'CVGPP', 4, '2018-10-18 04:52:33', 1),
(421, 'bffpq', 4, '2018-10-18 04:52:45', 1),
(422, 'wqpxe', 4, '2018-10-18 04:52:57', 1),
(423, 'LESUM', 6, '2018-10-18 04:52:58', 1),
(424, 'LYXTC', 6, '2018-10-18 04:53:07', 1),
(425, 'AFXJS', 4, '2018-10-18 04:53:07', 1),
(426, 'POLYI', 4, '2018-10-18 04:53:19', 1),
(427, 'UHCGR', 4, '2018-10-18 04:53:31', 1),
(428, 'vcybu', 4, '2018-10-18 04:53:36', 1),
(429, 'qualm', 4, '2018-10-18 04:53:39', 1),
(430, 'MHBIS', 4, '2018-10-18 04:53:47', 1),
(431, 'ccluf', 4, '2018-10-18 04:53:57', 1),
(432, 'LJDJT', 4, '2018-10-18 04:54:20', 1),
(433, 'guviu', 1, '2018-10-18 04:54:36', 1),
(434, 'yuvmi', 6, '2018-10-18 04:56:25', 1),
(435, 'OFBEO', 1, '2018-10-18 04:56:32', 1),
(436, 'YTNUB', 6, '2018-10-18 04:56:59', 1),
(437, 'JMRTK', 6, '2018-10-18 04:57:13', 1),
(438, 'GTMHG', 6, '2018-10-18 04:57:42', 1),
(439, 'ooimi', 6, '2018-10-18 04:57:45', 1),
(440, 'HYYHW', 6, '2018-10-18 04:57:48', 1),
(441, 'WIYBD', 6, '2018-10-18 04:57:49', 1),
(442, 'KAVYR', 6, '2018-10-18 04:57:50', 1),
(443, 'PLUMO', 6, '2018-10-18 04:58:09', 1),
(444, 'CAHTI', 4, '2018-10-18 04:58:49', 1),
(445, 'Mvtsb', 4, '2018-10-18 04:59:39', 1),
(446, 'yqiwa', 5, '2018-10-18 04:59:46', 1),
(447, 'naxfw', 1, '2018-10-18 04:59:57', 1),
(448, 'Hwdts', 3, '2018-10-18 05:00:14', 1),
(449, 'eefeu', 6, '2018-10-18 05:00:28', 1),
(450, 'SWWQQ', 6, '2018-10-18 05:00:30', 1),
(451, 'Fheba', 1, '2018-10-18 05:01:03', 1),
(452, 'Rrhup', 6, '2018-10-18 05:01:12', 1),
(453, 'PVIXN', 6, '2018-10-18 05:01:15', 1),
(454, 'BEPUD', 6, '2018-10-18 05:01:18', 1),
(455, 'NXMHJ', 6, '2018-10-18 05:01:28', 1),
(456, 'YFAVL', 6, '2018-10-18 05:01:32', 1),
(457, 'whkos', 6, '2018-10-18 05:01:48', 1),
(458, 'NJVKA', 6, '2018-10-18 05:02:13', 1),
(459, 'KMBRC', 6, '2018-10-18 05:02:26', 1),
(460, 'CFYRS', 6, '2018-10-18 05:02:28', 1),
(461, 'LNVDJ', 1, '2018-10-18 05:02:32', 1),
(462, 'mfran', 6, '2018-10-18 05:03:02', 1),
(463, 'TCWUS', 5, '2018-10-18 05:03:02', 1),
(464, 'QULKD', 6, '2018-10-18 05:03:13', 1),
(465, 'NWSPM', 6, '2018-10-18 05:03:20', 1),
(466, 'ykhsp', 1, '2018-10-18 05:03:28', 1),
(467, 'EWYGY', 6, '2018-10-18 05:03:42', 1),
(468, 'npkks', 6, '2018-10-18 05:03:44', 1),
(469, 'ATQFJ', 3, '2018-10-18 05:03:47', 1),
(470, 'IQXEP', 6, '2018-10-18 05:03:53', 1),
(471, 'NBIGP', 6, '2018-10-18 05:03:55', 1),
(472, 'QYUMO', 6, '2018-10-18 05:04:18', 1),
(473, 'QBMHT', 6, '2018-10-18 05:04:21', 1),
(474, 'USPUO', 1, '2018-10-18 05:05:52', 1),
(475, 'UDSTW', 6, '2018-10-18 05:06:04', 1),
(476, 'sdmdo', 1, '2018-10-18 05:06:08', 1),
(477, 'pcumt', 5, '2018-10-18 05:06:21', 1),
(478, 'DDMAS', 6, '2018-10-18 05:06:31', 1),
(479, 'GUUDX', 6, '2018-10-18 05:06:37', 1),
(480, 'JATMY', 1, '2018-10-18 05:06:47', 1),
(481, 'NkpGQ', 1, '2018-10-18 05:06:48', 1),
(482, 'UDTWY', 1, '2018-10-18 05:07:09', 1),
(483, 'LYEIB', 6, '2018-10-18 05:07:15', 1),
(484, 'kxoql', 6, '2018-10-18 05:07:31', 1),
(485, 'mqlwa', 1, '2018-10-18 05:07:34', 1),
(486, 'SWRXY', 4, '2018-10-18 05:07:35', 1),
(487, 'MPUCP', 6, '2018-10-18 05:07:41', 1),
(488, 'KQJGA', 6, '2018-10-18 05:07:45', 1),
(489, 'EWSED', 6, '2018-10-18 05:07:50', 1),
(490, 'ylnam', 1, '2018-10-18 05:07:54', 1),
(491, 'cwtor', 1, '2018-10-18 05:08:07', 1),
(492, 'EETIW', 6, '2018-10-18 05:08:13', 1),
(493, 'LBVPB', 6, '2018-10-18 05:08:22', 1),
(494, 'HLRFL', 6, '2018-10-18 05:08:23', 1),
(495, 'MHQMG', 6, '2018-10-18 05:08:26', 1),
(496, 'plawm', 1, '2018-10-18 05:08:31', 1),
(497, 'hrjpa', 1, '2018-10-18 05:08:31', 1),
(498, 'vvxah', 1, '2018-10-18 05:08:38', 1),
(499, 'gmpim', 4, '2018-10-18 05:08:43', 1),
(500, 'QEacj', 1, '2018-10-18 05:08:45', 1),
(501, 'prsmy', 4, '2018-10-18 05:09:07', 1),
(502, 'soloh', 1, '2018-10-18 05:09:09', 1),
(503, 'JTWRD', 6, '2018-10-18 05:09:15', 1),
(504, 'hcgaa', 6, '2018-10-18 05:09:19', 1),
(505, 'AFDUQ', 4, '2018-10-18 05:09:29', 1),
(506, 'sheyp', 6, '2018-10-18 05:09:40', 1),
(507, 'NEGTN', 4, '2018-10-18 05:10:05', 1),
(508, 'URFCB', 3, '2018-10-18 05:10:11', 1),
(509, 'fafrl', 6, '2018-10-18 05:11:43', 1),
(510, 'Ujsvb', 1, '2018-10-18 05:11:50', 1),
(511, 'RJXRO', 1, '2018-10-18 05:12:11', 1),
(512, 'MYNNS', 6, '2018-10-18 05:12:13', 1),
(513, 'GOGRK', 6, '2018-10-18 05:12:44', 1),
(514, 'yilyr', 2, '2018-10-18 05:12:44', 1),
(515, 'pnoul', 6, '2018-10-18 05:12:53', 1),
(516, 'EUMWB', 6, '2018-10-18 05:12:58', 1),
(517, 'HBNMQ', 1, '2018-10-18 05:13:32', 1),
(518, 'qhhej', 6, '2018-10-18 05:13:46', 1),
(519, 'WBDLK', 1, '2018-10-18 05:13:51', 1),
(520, 'AIEFI', 2, '2018-10-18 05:14:02', 1),
(521, 'HPRRA', 4, '2018-10-18 05:14:04', 1),
(522, 'CHWVJ', 1, '2018-10-18 05:14:06', 1),
(523, 'vjhmx', 4, '2018-10-18 05:14:12', 1),
(524, 'YSTMA', 6, '2018-10-18 05:14:15', 1),
(525, 'rlnac', 2, '2018-10-18 05:14:19', 1),
(526, 'cppxf', 5, '2018-10-18 05:14:36', 1),
(527, 'PTQTG', 2, '2018-10-18 05:14:37', 1),
(528, 'guify', 6, '2018-10-18 05:14:42', 1),
(529, 'xvxjf', 6, '2018-10-18 05:14:51', 1),
(530, 'gurpb', 6, '2018-10-18 05:14:57', 1),
(531, 'xxrid', 6, '2018-10-18 05:14:59', 1),
(532, 'mponn', 6, '2018-10-18 05:15:02', 1),
(533, 'weopx', 1, '2018-10-18 05:15:20', 1),
(534, 'fawjr', 6, '2018-10-18 05:15:39', 1),
(535, 'BNFGR', 1, '2018-10-18 05:15:40', 1),
(536, 'wmggq', 2, '2018-10-18 05:15:42', 1),
(537, 'xkpmy', 6, '2018-10-18 05:15:47', 1),
(538, 'CDPOT', 3, '2018-10-18 05:15:54', 1),
(539, 'KEREE', 1, '2018-10-18 05:16:05', 1),
(540, 'DCGCN', 1, '2018-10-18 05:16:05', 1),
(541, 'lemkt', 4, '2018-10-18 05:16:07', 1),
(542, 'aetxh', 6, '2018-10-18 05:16:25', 1),
(543, 'hbmst', 6, '2018-10-18 05:16:33', 1),
(544, 'LIMRO', 1, '2018-10-18 05:16:51', 1),
(545, 'UXBMG', 1, '2018-10-18 05:17:11', 1),
(546, 'chcup', 4, '2018-10-18 05:17:29', 1),
(547, 'MBKNT', 6, '2018-10-18 05:17:33', 1),
(548, 'NPTRQ', 2, '2018-10-18 05:17:40', 1),
(549, 'HVRLW', 1, '2018-10-18 05:17:44', 1),
(550, 'jqdcg', 1, '2018-10-18 05:17:48', 1),
(551, 'wbjtf', 1, '2018-10-18 05:17:50', 1),
(552, 'AACYF', 1, '2018-10-18 05:18:13', 1),
(553, 'OACYC', 6, '2018-10-18 05:18:29', 1),
(554, 'PGMDN', 1, '2018-10-18 05:18:31', 1),
(555, 'ppsix', 1, '2018-10-18 05:18:37', 1),
(556, 'NAWQV', 2, '2018-10-18 05:18:40', 1),
(557, 'NAOSV', 6, '2018-10-18 05:18:42', 1),
(558, 'swqnq', 6, '2018-10-18 05:18:48', 1),
(559, 'sbdmc', 6, '2018-10-18 05:18:50', 1),
(560, 'hprqm', 1, '2018-10-18 05:19:18', 1),
(561, 'PYLTA', 7, '2018-10-18 05:19:21', 1),
(562, 'GGPPR', 6, '2018-10-18 05:19:24', 1),
(563, 'ORQYK', 1, '2018-10-18 05:19:35', 1),
(564, 'RTCVG', 6, '2018-10-18 05:19:55', 1),
(565, 'knpeb', 6, '2018-10-18 05:19:55', 1),
(566, 'OMMOV', 3, '2018-10-18 05:19:56', 1),
(567, 'VBXVQ', 1, '2018-10-18 05:20:03', 1),
(568, 'XTUER', 6, '2018-10-18 05:20:06', 1),
(569, 'phiwx', 1, '2018-10-18 05:20:08', 1),
(570, 'Prwde', 1, '2018-10-18 05:20:36', 1),
(571, 'rsqcc', 1, '2018-10-18 05:20:41', 1),
(572, 'fvewf', 1, '2018-10-18 05:20:41', 1),
(573, 'BTCPL', 6, '2018-10-18 05:20:59', 1),
(574, 'LHDSY', 6, '2018-10-18 05:21:00', 1),
(575, 'IBUMX', 1, '2018-10-18 05:21:12', 1),
(576, 'KGKMT', 6, '2018-10-18 05:21:12', 1),
(577, 'ndbyj', 6, '2018-10-18 05:21:14', 1),
(578, 'ODIBY', 1, '2018-10-18 05:22:10', 1),
(579, 'aftfg', 1, '2018-10-18 05:22:49', 1),
(580, 'YGARB', 4, '2018-10-18 05:22:50', 1),
(581, 'INHCT', 1, '2018-10-18 05:22:51', 1),
(582, 'wvcsk', 1, '2018-10-18 05:22:59', 1),
(583, 'gcqqb', 1, '2018-10-18 05:23:20', 1),
(584, 'ARTRM', 4, '2018-10-18 05:23:39', 1),
(585, 'uscvo', 4, '2018-10-18 05:23:45', 1),
(586, 'RRPLS', 1, '2018-10-18 05:24:18', 1),
(587, 'IGIRC', 1, '2018-10-18 05:24:21', 1),
(588, 'GIKXL', 6, '2018-10-18 05:25:03', 1),
(589, 'YCTKP', 5, '2018-10-18 05:25:05', 1),
(590, 'KMPHF', 1, '2018-10-18 05:25:11', 1),
(591, 'VWNXG', 6, '2018-10-18 05:25:13', 1),
(592, 'UJFLQ', 1, '2018-10-18 05:25:25', 1),
(593, 'KRGUB', 1, '2018-10-18 05:25:35', 1),
(594, 'YKGUY', 1, '2018-10-18 05:25:50', 1),
(595, 'ueoao', 1, '2018-10-18 05:25:52', 1),
(596, 'dtdmw', 1, '2018-10-18 05:25:58', 1),
(597, 'vulio', 6, '2018-10-18 05:25:59', 1),
(598, 'YBEMD', 6, '2018-10-18 05:26:35', 1),
(599, 'lfkfc', 6, '2018-10-18 05:26:42', 1),
(600, 'FUFIU', 1, '2018-10-18 05:26:50', 1),
(601, 'KCHES', 1, '2018-10-18 05:27:00', 1),
(602, 'GEAOB', 1, '2018-10-18 05:27:07', 1),
(603, 'LXXJT', 1, '2018-10-18 05:27:16', 1),
(604, 'VIJXM', 6, '2018-10-18 05:27:19', 1),
(605, 'HHQTP', 6, '2018-10-18 05:27:44', 1),
(606, 'GOJQQ', 6, '2018-10-18 05:27:45', 1),
(607, 'KQHDB', 1, '2018-10-18 05:27:51', 1),
(608, 'NKJSX', 6, '2018-10-18 05:27:55', 1),
(609, 'BCQQF', 6, '2018-10-18 05:27:58', 1),
(610, 'XBIIS', 1, '2018-10-18 05:28:04', 1),
(611, 'BNRBY', 1, '2018-10-18 05:28:07', 1),
(612, 'HWOBP', 6, '2018-10-18 05:28:37', 1),
(613, 'QCBVW', 1, '2018-10-18 05:28:40', 1),
(614, 'QVPLD', 1, '2018-10-18 05:28:46', 1),
(615, 'YYROQ', 1, '2018-10-18 05:28:47', 1),
(616, 'EXOLS', 1, '2018-10-18 05:28:53', 1),
(617, 'DUHNG', 6, '2018-10-18 05:28:58', 1),
(618, 'EQXGA', 1, '2018-10-18 05:28:58', 1),
(619, 'xpurj', 1, '2018-10-18 05:29:43', 1),
(620, 'RBHGV', 4, '2018-10-18 05:31:10', 1),
(621, 'kuqyl', 6, '2018-10-18 05:31:26', 1),
(622, 'DXDIC', 6, '2018-10-18 05:31:29', 1),
(623, 'YSAXG', 4, '2018-10-18 05:31:39', 1),
(624, 'IXMJO', 4, '2018-10-18 05:31:45', 1),
(625, 'YTPRO', 6, '2018-10-18 05:31:45', 1),
(626, 'jnyhs', 6, '2018-10-18 05:31:46', 1),
(627, 'WWABS', 4, '2018-10-18 05:32:07', 1),
(628, 'DCRVL', 4, '2018-10-18 05:32:24', 1),
(629, 'kmvbt', 4, '2018-10-18 05:32:38', 1),
(630, 'ejswo', 4, '2018-10-18 05:32:39', 1),
(631, 'FKLLR', 4, '2018-10-18 05:32:44', 1),
(632, 'ADXFX', 4, '2018-10-18 05:32:45', 1),
(633, 'konvv', 4, '2018-10-18 05:33:11', 1),
(634, 'sdhye', 4, '2018-10-18 05:33:25', 1),
(635, 'yiuux', 4, '2018-10-18 05:33:28', 1),
(636, 'WCTRY', 4, '2018-10-18 05:33:34', 1),
(637, 'jvibq', 1, '2018-10-18 05:33:42', 1),
(638, 'AUCVL', 1, '2018-10-18 05:33:49', 1),
(639, 'qppck', 3, '2018-10-18 05:33:52', 1),
(640, 'vfwbc', 1, '2018-10-18 05:34:19', 1),
(641, 'xuwud', 1, '2018-10-18 05:34:40', 1),
(642, 'DSQYT', 4, '2018-10-18 05:34:52', 1),
(643, 'jnnfu', 1, '2018-10-18 05:34:54', 1),
(644, 'IVVMM', 4, '2018-10-18 05:35:01', 1),
(645, 'bntot', 4, '2018-10-18 05:35:05', 1),
(646, 'KTRAQ', 4, '2018-10-18 05:35:17', 1),
(647, 'yemfg', 5, '2018-10-18 05:35:17', 1),
(648, 'UQBSI', 6, '2018-10-18 05:35:25', 1),
(649, 'vgscp', 4, '2018-10-18 05:35:35', 1),
(650, 'HMFHQ', 2, '2018-10-18 05:35:37', 1),
(651, 'MGFXD', 3, '2018-10-18 05:35:39', 1),
(652, 'hdqkk', 6, '2018-10-18 05:37:05', 1),
(653, 'FLFGS', 1, '2018-10-18 05:37:46', 1),
(654, 'ftcgv', 4, '2018-10-18 05:37:51', 1),
(655, 'qbrwu', 1, '2018-10-18 05:38:30', 1),
(656, 'BOTQY', 1, '2018-10-18 05:38:34', 1),
(657, 'AABCJ', 1, '2018-10-18 05:38:34', 1),
(658, 'TPMMO', 3, '2018-10-18 05:38:48', 1),
(659, 'bouka', 1, '2018-10-18 05:38:52', 1),
(660, 'nobfh', 1, '2018-10-18 05:39:03', 1),
(661, 'Yxfbu', 1, '2018-10-18 05:39:24', 1),
(662, 'LYDGR', 4, '2018-10-18 05:39:38', 1),
(663, 'dilhy', 6, '2018-10-18 05:39:39', 1),
(664, 'JKQRH', 6, '2018-10-18 05:39:39', 1),
(665, 'rghsg', 5, '2018-10-18 05:39:40', 1),
(666, 'Waolj', 6, '2018-10-18 05:39:45', 1),
(667, 'hhhcy', 6, '2018-10-18 05:39:56', 1),
(668, 'MTVLI', 3, '2018-10-18 05:40:02', 1),
(669, 'HSRXO', 6, '2018-10-18 05:40:16', 1),
(670, 'MHSFO', 4, '2018-10-18 05:40:17', 1),
(671, 'byvon', 1, '2018-10-18 05:40:31', 1),
(672, 'jhybp', 1, '2018-10-18 05:40:36', 1),
(673, 'Rnbok', 4, '2018-10-18 05:40:53', 1),
(674, 'GMKIU', 1, '2018-10-18 05:41:04', 1),
(675, 'WEAHI', 5, '2018-10-18 05:41:10', 1),
(676, 'QYGUG', 6, '2018-10-18 05:41:15', 1),
(677, 'EJNDU', 6, '2018-10-18 05:41:21', 1),
(678, 'OWSSG', 1, '2018-10-18 05:41:34', 1),
(679, 'jlvxd', 1, '2018-10-18 05:41:36', 1),
(680, 'WKKHG', 1, '2018-10-18 05:41:40', 1),
(681, 'OPYRH', 6, '2018-10-18 05:41:44', 1),
(682, 'ccero', 1, '2018-10-18 05:41:56', 1),
(683, 'GDTTI', 4, '2018-10-18 05:42:03', 1),
(684, 'sueon', 1, '2018-10-18 05:42:06', 1),
(685, 'wcove', 1, '2018-10-18 05:42:08', 1),
(686, 'MQIFN', 4, '2018-10-18 05:42:29', 1),
(687, 'kpexu', 1, '2018-10-18 05:42:37', 1),
(688, 'ieopt', 6, '2018-10-18 05:44:22', 1),
(689, 'kxhag', 6, '2018-10-18 05:44:26', 1),
(690, 'wvbxg', 6, '2018-10-18 05:44:28', 1),
(691, 'QWUWH', 6, '2018-10-18 05:44:28', 1),
(692, 'dahtl', 6, '2018-10-18 05:44:29', 1),
(693, 'bynin', 6, '2018-10-18 05:44:47', 1),
(694, 'bjcih', 6, '2018-10-18 05:44:52', 1),
(695, 'THGOR', 6, '2018-10-18 05:45:04', 1),
(696, 'YTLMA', 6, '2018-10-18 05:45:12', 1),
(697, 'hgstg', 6, '2018-10-18 05:45:14', 1),
(698, 'AGOGN', 6, '2018-10-18 05:45:25', 1),
(699, 'NIWCJ', 6, '2018-10-18 05:45:39', 1),
(700, 'euony', 6, '2018-10-18 05:45:39', 1),
(701, 'feyhv', 6, '2018-10-18 05:45:56', 1),
(702, 'FJSYU', 6, '2018-10-18 05:46:04', 1),
(703, 'kdprw', 6, '2018-10-18 05:46:12', 1),
(704, 'aectd', 6, '2018-10-18 05:46:19', 1),
(705, 'sxuwt', 6, '2018-10-18 05:46:25', 1),
(706, 'Ppaud', 6, '2018-10-18 05:46:41', 1),
(707, 'WQWHE', 6, '2018-10-18 05:46:42', 1),
(708, 'orpgl', 6, '2018-10-18 05:46:45', 1),
(709, 'IMMQL', 1, '2018-10-18 05:46:56', 1),
(710, 'EXSIU', 6, '2018-10-18 05:46:56', 1),
(711, 'vmqus', 6, '2018-10-18 05:46:58', 1),
(712, 'TWIIC', 6, '2018-10-18 05:47:03', 1),
(713, 'FYPHA', 6, '2018-10-18 05:47:19', 1),
(714, 'oytdu', 6, '2018-10-18 05:47:39', 1),
(715, 'TIMCQ', 6, '2018-10-18 05:47:52', 1),
(716, 'YWBCK', 1, '2018-10-18 05:48:54', 1),
(717, 'IXUPB', 6, '2018-10-18 05:49:03', 1),
(718, 'NANFF', 1, '2018-10-18 05:49:10', 1),
(719, 'fkvqh', 5, '2018-10-18 05:49:11', 1),
(720, 'cxjnm', 6, '2018-10-18 05:49:19', 1),
(721, 'XAIUM', 6, '2018-10-18 05:49:21', 1),
(722, 'ynwka', 1, '2018-10-18 05:49:23', 1),
(723, 'whpog', 1, '2018-10-18 05:49:24', 1),
(724, 'jffpl', 6, '2018-10-18 05:49:29', 1),
(725, 'UAIOF', 6, '2018-10-18 05:49:49', 1),
(726, 'OLRXH', 1, '2018-10-18 05:49:51', 1),
(727, 'GHMCR', 1, '2018-10-18 05:50:00', 1),
(728, 'HLKGN', 6, '2018-10-18 05:50:02', 1),
(729, 'YKREF', 6, '2018-10-18 05:50:08', 1),
(730, 'NAVRY', 1, '2018-10-18 05:50:08', 1),
(731, 'PIHDE', 4, '2018-10-18 05:50:22', 1),
(732, 'BDVII', 6, '2018-10-18 05:50:39', 1),
(733, 'KEETQ', 4, '2018-10-18 05:50:41', 1),
(734, 'VCIRO', 6, '2018-10-18 05:50:44', 1),
(735, 'LGWFA', 4, '2018-10-18 05:50:59', 1),
(736, 'IKETU', 6, '2018-10-18 05:51:02', 1),
(737, 'BFUXW', 6, '2018-10-18 05:51:07', 1),
(738, 'AGNVI', 1, '2018-10-18 05:51:07', 1),
(739, 'UTDFY', 1, '2018-10-18 05:51:28', 1),
(740, 'QELHX', 1, '2018-10-18 05:51:36', 1),
(741, 'UMVLW', 4, '2018-10-18 05:51:37', 1),
(742, 'JUKSR', 1, '2018-10-18 05:51:49', 1),
(743, 'OJMBQ', 5, '2018-10-18 05:51:53', 1),
(744, 'hwpdt', 1, '2018-10-18 05:51:54', 1),
(745, 'AGHPM', 3, '2018-10-18 05:52:02', 1),
(746, 'MDXGA', 6, '2018-10-18 05:52:11', 1),
(747, 'pmfmt', 6, '2018-10-18 05:52:23', 1),
(748, 'CNHTL', 6, '2018-10-18 05:52:28', 1),
(749, 'vxenl', 4, '2018-10-18 05:52:37', 1),
(750, 'TPXNF', 1, '2018-10-18 05:52:38', 1),
(751, 'IHTNJ', 7, '2018-10-18 05:53:24', 1),
(752, 'FUOCL', 5, '2018-10-18 05:53:56', 1),
(753, 'QXVOA', 1, '2018-10-18 05:54:55', 1),
(754, 'BQSME', 2, '2018-10-18 05:55:10', 1),
(755, 'NDKKC', 3, '2018-10-18 05:55:26', 1),
(756, 'FCBJN', 4, '2018-10-18 05:55:48', 1),
(757, 'TLDBQ', 6, '2018-10-18 05:56:18', 1),
(758, 'WQYAH', 5, '2018-10-18 05:56:34', 1),
(759, 'EHFMG', 7, '2018-10-18 05:56:45', 1),
(760, 'OGJNF', 5, '2018-10-18 05:57:01', 1),
(761, 'PWARL', 1, '2018-10-18 05:57:40', 1),
(762, 'oommu', 6, '2018-10-18 05:58:05', 1),
(763, 'hjcrq', 1, '2018-10-18 05:58:13', 1),
(764, 'nwxuv', 6, '2018-10-18 05:59:34', 1),
(765, 'BQENK', 2, '2018-10-18 05:59:38', 1),
(766, 'WPVDI', 6, '2018-10-18 05:59:47', 1),
(767, 'nqmve', 6, '2018-10-18 05:59:52', 1),
(768, 'xjibu', 1, '2018-10-18 05:59:56', 1),
(769, 'QTCCI', 1, '2018-10-18 05:59:56', 1),
(770, 'rsccd', 6, '2018-10-18 06:00:09', 1),
(771, 'yawdq', 1, '2018-10-18 06:00:27', 1),
(772, 'ndpgl', 6, '2018-10-18 06:00:41', 1),
(773, 'WLABO', 6, '2018-10-18 06:00:55', 1),
(774, 'SBHOI', 6, '2018-10-18 06:01:03', 1),
(775, 'cavxo', 6, '2018-10-18 06:01:27', 1),
(776, 'caetg', 1, '2018-10-18 06:01:32', 1),
(777, 'rvnpt', 4, '2018-10-18 06:02:08', 1),
(778, 'vpgaq', 6, '2018-10-18 06:02:13', 1),
(779, 'keewe', 6, '2018-10-18 06:02:15', 1),
(780, 'ALDNF', 6, '2018-10-18 06:02:29', 1),
(781, 'mirps', 4, '2018-10-18 06:02:54', 1),
(782, 'ftabj', 6, '2018-10-18 06:03:02', 1),
(783, 'tqrka', 6, '2018-10-18 06:03:17', 1),
(784, 'hidou', 4, '2018-10-18 06:03:20', 1),
(785, 'AJTAE', 6, '2018-10-18 06:03:21', 1),
(786, 'XRALT', 6, '2018-10-18 06:03:27', 1),
(787, 'wtrir', 6, '2018-10-18 06:03:37', 1),
(788, 'nhyum', 5, '2018-10-18 06:04:10', 1),
(789, 'kwwxd', 4, '2018-10-18 06:04:10', 1),
(790, 'LXBDT', 6, '2018-10-18 06:04:14', 1),
(791, 'JYYYD', 6, '2018-10-18 06:04:16', 1),
(792, 'aqcut', 1, '2018-10-18 06:04:18', 1),
(793, 'pqqpi', 6, '2018-10-18 06:04:23', 1),
(794, 'revoy', 6, '2018-10-18 06:04:32', 1),
(795, 'WOEVU', 4, '2018-10-18 06:04:33', 1),
(796, 'TUCAK', 1, '2018-10-18 06:04:33', 1),
(797, 'HOFXL', 6, '2018-10-18 06:04:41', 1),
(798, 'vxivp', 6, '2018-10-18 06:04:48', 1),
(799, 'VAFCH', 1, '2018-10-18 06:06:27', 1),
(800, 'MQGOR', 2, '2018-10-18 06:06:36', 1),
(801, 'UFSLY', 1, '2018-10-18 06:06:43', 1),
(802, 'TDIKA', 6, '2018-10-18 06:06:53', 1),
(803, 'chiyj', 6, '2018-10-18 06:06:56', 1),
(804, 'tyfer', 1, '2018-10-18 06:06:56', 1),
(805, 'IMYMQ', 6, '2018-10-18 06:06:58', 1),
(806, 'CPRSU', 6, '2018-10-18 06:06:58', 1),
(807, 'IXSKG', 1, '2018-10-18 06:06:59', 1),
(808, 'HQTKA', 1, '2018-10-18 06:07:08', 1),
(809, 'EHPJF', 6, '2018-10-18 06:07:11', 1),
(810, 'YCEDW', 4, '2018-10-18 06:07:20', 1),
(811, 'erghg', 6, '2018-10-18 06:07:22', 1),
(812, 'YRFBA', 4, '2018-10-18 06:07:47', 1),
(813, 'swaum', 6, '2018-10-18 06:08:07', 1),
(814, 'srlfu', 1, '2018-10-18 06:08:16', 1),
(815, 'YVUMA', 2, '2018-10-18 06:08:16', 1),
(816, 'XCEKC', 6, '2018-10-18 06:08:17', 1),
(817, 'GRQPK', 3, '2018-10-18 06:08:26', 1),
(818, 'KSJSU', 6, '2018-10-18 06:08:43', 1),
(819, 'NLOJN', 6, '2018-10-18 06:08:43', 1),
(820, 'bsutu', 1, '2018-10-18 06:08:43', 1),
(821, 'LRTST', 1, '2018-10-18 06:08:50', 1),
(822, 'tjxem', 7, '2018-10-18 06:08:52', 1),
(823, 'qvwyo', 5, '2018-10-18 06:08:55', 1),
(824, 'DITPH', 6, '2018-10-18 06:09:19', 1),
(825, 'VRJBU', 1, '2018-10-18 06:09:46', 1),
(826, 'ueljg', 1, '2018-10-18 06:09:49', 1),
(827, 'cvfau', 1, '2018-10-18 06:10:07', 1),
(828, 'ajrmd', 1, '2018-10-18 06:10:17', 1),
(829, 'cypwh', 4, '2018-10-18 06:10:19', 1),
(830, 'LXEBQ', 4, '2018-10-18 06:10:34', 1),
(831, 'cosia', 4, '2018-10-18 06:11:01', 1),
(832, 'xwmky', 6, '2018-10-18 06:11:03', 1),
(833, 'hwsgy', 6, '2018-10-18 06:11:07', 1),
(834, 'IVPIR', 4, '2018-10-18 06:11:28', 1),
(835, 'nfyjh', 6, '2018-10-18 06:11:34', 1),
(836, 'edxin', 7, '2018-10-18 06:11:46', 1),
(837, 'mqpxy', 6, '2018-10-18 06:11:59', 1),
(838, 'lpjxd', 1, '2018-10-18 06:12:21', 1),
(839, 'VOTGT', 6, '2018-10-18 06:12:26', 1),
(840, 'gyrct', 6, '2018-10-18 06:12:33', 1),
(841, 'TKDWJ', 3, '2018-10-18 06:12:33', 1),
(842, 'HDBJU', 4, '2018-10-18 06:12:42', 1),
(843, 'uigeg', 4, '2018-10-18 06:12:46', 1),
(844, 'OVBAR', 4, '2018-10-18 06:13:04', 1),
(845, 'dswoy', 6, '2018-10-18 06:13:12', 1),
(846, 'npqqi', 6, '2018-10-18 06:13:22', 1),
(847, 'GCXND', 4, '2018-10-18 06:13:28', 1),
(848, 'KSNVR', 6, '2018-10-18 06:13:43', 1),
(849, 'pokoy', 6, '2018-10-18 06:13:46', 1),
(850, 'LDHUM', 4, '2018-10-18 06:14:00', 1),
(851, 'rhaiu', 6, '2018-10-18 06:14:09', 1),
(852, 'njlse', 2, '2018-10-18 06:14:16', 1),
(853, 'cbopg', 6, '2018-10-18 06:14:16', 1),
(854, 'IDQLV', 4, '2018-10-18 06:14:37', 1),
(855, 'HNIPY', 1, '2018-10-18 06:15:11', 1),
(856, 'AJXTM', 6, '2018-10-18 06:15:33', 1),
(857, 'wscos', 1, '2018-10-18 06:15:40', 1),
(858, 'DQBEE', 6, '2018-10-18 06:15:49', 1),
(859, 'OQwsj', 4, '2018-10-18 06:16:29', 1),
(860, 'hajqf', 1, '2018-10-18 06:16:57', 1),
(861, 'idlpx', 4, '2018-10-18 06:17:00', 1),
(862, 'lhydl', 1, '2018-10-18 06:17:03', 1),
(863, 'jckpw', 4, '2018-10-18 06:17:05', 1),
(864, 'YWOQS', 2, '2018-10-18 06:17:06', 1),
(865, 'QFALF', 1, '2018-10-18 06:17:21', 1),
(866, 'woqcy', 1, '2018-10-18 06:17:28', 1),
(867, 'LDJWX', 6, '2018-10-18 06:17:36', 1),
(868, 'jwvmx', 4, '2018-10-18 06:17:54', 1),
(869, 'juheq', 6, '2018-10-18 06:18:04', 1),
(870, 'ineif', 1, '2018-10-18 06:18:05', 1),
(871, 'MHXWV', 1, '2018-10-18 06:18:19', 1),
(872, 'TWEFE', 6, '2018-10-18 06:18:35', 1),
(873, 'ovroe', 6, '2018-10-18 06:18:44', 1),
(874, 'aitba', 1, '2018-10-18 06:18:49', 1),
(875, 'dwdtg', 6, '2018-10-18 06:18:51', 1),
(876, 'imulv', 4, '2018-10-18 06:18:56', 1),
(877, 'SIHSX', 1, '2018-10-18 06:19:01', 1),
(878, 'EIDWQ', 6, '2018-10-18 06:19:19', 1),
(879, 'EIDWQ', 6, '2018-10-18 06:19:20', 1),
(880, 'cleeg', 6, '2018-10-18 06:19:24', 1),
(881, 'RFQUR', 6, '2018-10-18 06:19:27', 1),
(882, 'YCBMF', 6, '2018-10-18 06:19:35', 1),
(883, 'botxr', 1, '2018-10-18 06:20:01', 1),
(884, 'NQBYA', 4, '2018-10-18 06:20:44', 1),
(885, 'obwua', 6, '2018-10-18 06:20:52', 1),
(886, 'QRUNR', 6, '2018-10-18 06:20:52', 1),
(887, 'qbnen', 6, '2018-10-18 06:20:59', 1),
(888, 'JMXME', 1, '2018-10-18 06:21:01', 1),
(889, 'XENKM', 1, '2018-10-18 06:21:22', 1),
(890, 'KKVIR', 6, '2018-10-18 06:21:28', 1),
(891, 'uvjgh', 6, '2018-10-18 06:21:56', 1),
(892, 'xgwup', 6, '2018-10-18 06:21:57', 1),
(893, 'kqcdj', 6, '2018-10-18 06:22:04', 1),
(894, 'DTIIY', 6, '2018-10-18 06:22:21', 1),
(895, 'PIMDY', 6, '2018-10-18 06:22:24', 1),
(896, 'ohltv', 2, '2018-10-18 06:22:32', 1),
(897, 'retmb', 6, '2018-10-18 06:22:32', 1),
(898, 'pwaqc', 6, '2018-10-18 06:22:37', 1),
(899, 'AYBMP', 6, '2018-10-18 06:22:37', 1),
(900, 'cioma', 4, '2018-10-18 06:22:40', 1),
(901, 'TKDXG', 6, '2018-10-18 06:22:50', 1),
(902, 'BKXLX', 1, '2018-10-18 06:23:04', 1),
(903, 'JULYD', 6, '2018-10-18 06:23:10', 1),
(904, 'mlcli', 6, '2018-10-18 06:23:19', 1),
(905, 'SMALG', 5, '2018-10-18 06:23:24', 1),
(906, 'jjghg', 6, '2018-10-18 06:23:27', 1),
(907, 'QLMJR', 6, '2018-10-18 06:23:28', 1),
(908, 'xccut', 1, '2018-10-18 06:23:40', 1),
(909, 'JUVBF', 6, '2018-10-18 06:23:43', 1),
(910, 'LPAVC', 6, '2018-10-18 06:23:44', 1),
(911, 'vxiwp', 6, '2018-10-18 06:23:59', 1),
(912, 'jvdxc', 6, '2018-10-18 06:24:00', 1),
(913, 'sjyaj', 6, '2018-10-18 06:24:17', 1),
(914, 'iduvp', 6, '2018-10-18 06:25:14', 1),
(915, 'NEUSD', 1, '2018-10-18 06:26:29', 1),
(916, 'YBYTI', 4, '2018-10-18 06:27:13', 1),
(917, 'obcvc', 1, '2018-10-18 06:27:17', 1),
(918, 'wltxy', 4, '2018-10-18 06:27:27', 1),
(919, 'BQEQF', 4, '2018-10-18 06:27:49', 1),
(920, 'JBXWP', 4, '2018-10-18 06:27:49', 1),
(921, 'dvkaq', 1, '2018-10-18 06:27:50', 1),
(922, 'Gtahw', 4, '2018-10-18 06:28:00', 1),
(923, 'wggkm', 1, '2018-10-18 06:28:05', 1),
(924, 'crgxl', 4, '2018-10-18 06:28:06', 1),
(925, 'YDDNT', 1, '2018-10-18 06:28:26', 1),
(926, 'MJRWW', 1, '2018-10-18 06:28:37', 1),
(927, 'xljlw', 4, '2018-10-18 06:28:44', 1),
(928, 'KIRPE', 4, '2018-10-18 06:28:50', 1),
(929, 'paivx', 4, '2018-10-18 06:28:55', 1),
(930, 'cryaf', 4, '2018-10-18 06:29:01', 1),
(931, 'JPFUO', 4, '2018-10-18 06:29:02', 1),
(932, 'wihrk', 4, '2018-10-18 06:29:10', 1),
(933, 'Belhd', 4, '2018-10-18 06:29:20', 1),
(934, 'gpvtp', 4, '2018-10-18 06:29:27', 1),
(935, 'PDLLD', 6, '2018-10-18 06:29:36', 1),
(936, 'afixg', 1, '2018-10-18 06:29:51', 1),
(937, 'WGLXW', 4, '2018-10-18 06:29:54', 1),
(938, 'dvjoa', 4, '2018-10-18 06:29:58', 1),
(939, 'wlhlp', 4, '2018-10-18 06:30:06', 1),
(940, 'xpwth', 4, '2018-10-18 06:30:09', 1),
(941, 'MUUUX', 4, '2018-10-18 06:30:15', 1),
(942, 'MSVJS', 4, '2018-10-18 06:30:16', 1),
(943, 'PRIOM', 4, '2018-10-18 06:30:25', 1),
(944, 'ssksh', 4, '2018-10-18 06:30:29', 1),
(945, 'GROSN', 4, '2018-10-18 06:30:30', 1),
(946, 'cskjc', 1, '2018-10-18 06:30:38', 1),
(947, 'xluen', 4, '2018-10-18 06:31:01', 1),
(948, 'WXOQK', 4, '2018-10-18 06:31:16', 1),
(949, 'PMBHX', 4, '2018-10-18 06:31:28', 1),
(950, 'LSPRP', 4, '2018-10-18 06:31:38', 1),
(951, 'OGQUP', 6, '2018-10-18 07:34:00', 1),
(952, 'EATVF', 1, '2018-10-18 07:34:11', 1),
(953, 'ISAVB', 6, '2018-10-18 07:34:28', 1),
(954, 'WOYAK', 6, '2018-10-18 07:34:36', 1),
(955, 'UVKMH', 6, '2018-10-18 07:34:42', 1),
(956, 'GQMGY', 6, '2018-10-18 07:34:50', 1),
(957, 'GAOXF', 6, '2018-10-18 07:34:55', 1),
(958, 'BSUYB', 6, '2018-10-18 07:34:56', 1),
(959, 'HHUIE', 2, '2018-10-18 07:35:22', 1),
(960, 'gdaii', 6, '2018-10-18 07:35:24', 1),
(961, 'IEASV', 1, '2018-10-18 07:35:36', 1),
(962, 'lyqlt', 6, '2018-10-18 07:35:44', 1),
(963, 'TBCKC', 6, '2018-10-18 07:35:46', 1),
(964, 'LRGSR', 6, '2018-10-18 07:36:06', 1),
(965, 'SCYIJ', 6, '2018-10-18 07:36:07', 1),
(966, 'WJMRN', 6, '2018-10-18 07:36:07', 1),
(967, 'VXDUB', 6, '2018-10-18 07:36:15', 1),
(968, 'DKDHC', 6, '2018-10-18 07:36:25', 1),
(969, 'EDAQS', 6, '2018-10-18 07:36:26', 1),
(970, 'FIMKX', 1, '2018-10-18 07:36:28', 1),
(971, 'GLWWM', 1, '2018-10-18 07:36:49', 1),
(972, 'vtrgi', 6, '2018-10-18 07:36:51', 1),
(973, 'ELNSQ', 6, '2018-10-18 07:36:54', 1),
(974, 'Tphic', 6, '2018-10-18 07:37:28', 1),
(975, 'VBRXK', 1, '2018-10-18 07:37:53', 1),
(976, 'EDTAU', 6, '2018-10-18 07:38:03', 1),
(977, 'NMFEE', 6, '2018-10-18 07:38:07', 1),
(978, 'endnp', 6, '2018-10-18 07:38:12', 1),
(979, 'STWDK', 6, '2018-10-18 07:38:23', 1),
(980, 'wgxqg', 1, '2018-10-18 07:38:24', 1),
(981, 'PCSHG', 6, '2018-10-18 07:38:32', 1),
(982, 'RUGRX', 6, '2018-10-18 07:38:35', 1),
(983, 'SQSDN', 6, '2018-10-18 07:38:58', 1),
(984, 'EKJHH', 6, '2018-10-18 07:39:05', 1),
(985, 'svyan', 6, '2018-10-18 07:39:27', 1),
(986, 'cijma', 1, '2018-10-18 07:39:29', 1),
(987, 'DXMLV', 6, '2018-10-18 07:39:33', 1),
(988, 'Rxogi', 6, '2018-10-18 07:39:41', 1),
(989, 'bunyl', 6, '2018-10-18 07:40:41', 1),
(990, 'Iuhhm', 6, '2018-10-18 07:40:46', 1),
(991, 'ODOMC', 6, '2018-10-18 07:40:49', 1),
(992, 'eekvm', 6, '2018-10-18 07:40:58', 1),
(993, 'XJDXI', 6, '2018-10-18 07:41:02', 1),
(994, 'JSHSP', 7, '2018-10-18 07:41:10', 1),
(995, 'wgwkf', 6, '2018-10-18 07:41:23', 1),
(996, 'onuae', 6, '2018-10-18 07:41:27', 1),
(997, 'QQYAN', 6, '2018-10-18 07:41:32', 1),
(998, 'jxrbj', 1, '2018-10-18 07:42:04', 1),
(999, 'LCFKR', 6, '2018-10-18 07:42:11', 1),
(1000, 'Qqdmo', 6, '2018-10-18 07:42:19', 1),
(1001, 'KQHHD', 6, '2018-10-18 07:42:19', 1),
(1002, 'mowan', 1, '2018-10-18 07:42:19', 1),
(1003, 'mnqhi', 1, '2018-10-18 07:42:31', 1),
(1004, 'kmwns', 6, '2018-10-18 07:42:38', 1),
(1005, 'cxyun', 6, '2018-10-18 07:42:58', 1),
(1006, 'RFUGQ', 6, '2018-10-18 07:43:13', 1),
(1007, 'HKAGO', 6, '2018-10-18 07:43:18', 1),
(1008, 'keakl', 6, '2018-10-18 07:43:22', 1),
(1009, 'JSDSL', 6, '2018-10-18 07:43:22', 1),
(1010, 'POMXW', 5, '2018-10-18 07:43:27', 1),
(1011, 'vteku', 1, '2018-10-18 07:43:31', 1),
(1012, 'wattn', 6, '2018-10-18 07:43:50', 1),
(1013, 'FKTHE', 1, '2018-10-18 07:43:52', 1),
(1014, 'SUYQW', 6, '2018-10-18 07:44:21', 1),
(1015, 'lorwt', 6, '2018-10-18 07:47:24', 1),
(1016, 'AVWMO', 1, '2018-10-18 07:47:29', 1),
(1017, 'TICIG', 6, '2018-10-18 07:47:41', 1),
(1018, 'PHGEI', 6, '2018-10-18 07:47:49', 1),
(1019, 'lmpqv', 4, '2018-10-18 07:47:52', 1),
(1020, 'KPUGB', 6, '2018-10-18 07:48:04', 1),
(1021, 'dwtft', 6, '2018-10-18 07:48:07', 1),
(1022, 'SWKJE', 6, '2018-10-18 07:48:08', 1),
(1023, 'CEJPE', 6, '2018-10-18 07:48:25', 1),
(1024, 'evrst', 4, '2018-10-18 07:49:06', 1),
(1025, 'DVKHJ', 6, '2018-10-18 07:49:21', 1),
(1026, 'ALVOA', 6, '2018-10-18 07:49:28', 1),
(1027, 'fqycp', 6, '2018-10-18 07:49:29', 1),
(1028, 'BUNTG', 1, '2018-10-18 07:49:44', 1),
(1029, 'sgoyn', 6, '2018-10-18 07:49:44', 1),
(1030, 'GGSNV', 6, '2018-10-18 07:50:12', 1),
(1031, 'UMKGH', 6, '2018-10-18 07:50:20', 1),
(1032, 'uoyka', 6, '2018-10-18 07:50:22', 1),
(1033, 'ANVTH', 6, '2018-10-18 07:50:24', 1),
(1034, 'xemls', 1, '2018-10-18 07:50:38', 1),
(1035, 'oxtxu', 6, '2018-10-18 07:50:44', 1),
(1036, 'QHOAP', 6, '2018-10-18 07:50:53', 1),
(1037, 'huqhq', 3, '2018-10-18 07:51:07', 1),
(1038, 'RBQXW', 6, '2018-10-18 07:51:20', 1),
(1039, 'SOUML', 6, '2018-10-18 07:51:31', 1),
(1040, 'APUTI', 1, '2018-10-18 07:51:35', 1),
(1041, 'DISWQ', 6, '2018-10-18 07:51:45', 1),
(1042, 'KQLAC', 6, '2018-10-18 07:51:54', 1),
(1043, 'yycmy', 6, '2018-10-18 07:52:00', 1),
(1044, 'wftqb', 6, '2018-10-18 07:52:07', 1),
(1045, 'UTGJB', 6, '2018-10-18 07:52:20', 1),
(1046, 'BFLES', 4, '2018-10-18 07:52:26', 1),
(1047, 'ytvbe', 6, '2018-10-18 07:53:56', 1),
(1048, 'fqiih', 6, '2018-10-18 07:54:00', 1),
(1049, 'Haxvq', 2, '2018-10-18 07:54:13', 1),
(1050, 'PTTJP', 2, '2018-10-18 07:54:13', 1),
(1051, 'cwnds', 6, '2018-10-18 07:54:23', 1),
(1052, 'ygcls', 1, '2018-10-18 07:54:30', 1),
(1053, 'vekbi', 2, '2018-10-18 07:54:32', 1),
(1054, 'Thscn', 2, '2018-10-18 07:54:36', 1),
(1055, 'lhcsj', 2, '2018-10-18 07:54:41', 1),
(1056, 'thjbu', 2, '2018-10-18 07:54:58', 1),
(1057, 'CTLUB', 2, '2018-10-18 07:55:05', 1),
(1058, 'rxlab', 2, '2018-10-18 07:55:26', 1),
(1059, 'KSMRU', 2, '2018-10-18 07:55:30', 1),
(1060, 'GMUGC', 2, '2018-10-18 07:55:31', 1),
(1061, 'jNITT', 2, '2018-10-18 07:55:36', 1),
(1062, 'kytnf', 5, '2018-10-18 07:55:43', 1),
(1063, 'CFOMR', 1, '2018-10-18 07:55:44', 1),
(1064, 'nqxgk', 2, '2018-10-18 07:55:50', 1),
(1065, 'FKONF', 2, '2018-10-18 07:56:05', 1),
(1066, 'SDFLU', 1, '2018-10-18 07:56:08', 1),
(1067, 'yowyg', 6, '2018-10-18 07:56:13', 1),
(1068, 'XBEJD', 5, '2018-10-18 07:56:20', 1),
(1069, 'kyikn', 1, '2018-10-18 07:56:20', 1),
(1070, 'kcrlk', 6, '2018-10-18 07:56:20', 1),
(1071, 'omltq', 2, '2018-10-18 07:56:33', 1),
(1072, 'PLRAH', 2, '2018-10-18 07:56:44', 1),
(1073, 'YYMOF', 5, '2018-10-18 07:56:46', 1),
(1074, 'NSDCA', 6, '2018-10-18 07:56:56', 1),
(1075, 'PQSXF', 5, '2018-10-18 07:57:07', 1),
(1076, 'JXAFT', 1, '2018-10-18 07:57:09', 1),
(1077, 'eesvl', 2, '2018-10-18 07:57:10', 1),
(1078, 'jetxk', 2, '2018-10-18 07:57:11', 1),
(1079, 'rrrua', 5, '2018-10-18 07:57:16', 1),
(1080, 'Cpsqd', 3, '2018-10-18 07:57:36', 1),
(1081, 'DMRID', 6, '2018-10-18 07:57:57', 1),
(1082, 'JVEQG', 6, '2018-10-18 07:58:08', 1),
(1083, 'gaubi', 1, '2018-10-18 07:58:17', 1),
(1084, 'yawno', 2, '2018-10-18 07:58:27', 1),
(1085, 'FPEVQ', 1, '2018-10-18 07:58:34', 1),
(1086, 'MYYDI', 1, '2018-10-18 07:58:35', 1),
(1087, 'itrkv', 2, '2018-10-18 07:58:38', 1),
(1088, 'Gnomq', 6, '2018-10-18 07:58:38', 1),
(1089, 'Tiubn', 1, '2018-10-18 07:58:39', 1),
(1090, 'shvrr', 1, '2018-10-18 07:59:06', 1),
(1091, 'ivutl', 5, '2018-10-18 07:59:08', 1),
(1092, 'XRXVU', 1, '2018-10-18 07:59:13', 1),
(1093, 'olygd', 1, '2018-10-18 07:59:17', 1),
(1094, 'NVELO', 1, '2018-10-18 07:59:21', 1),
(1095, 'CEPNM', 1, '2018-10-18 07:59:29', 1),
(1096, 'GUIMG', 1, '2018-10-18 07:59:31', 1),
(1097, 'LGHWL', 1, '2018-10-18 07:59:36', 1),
(1098, 'Mgjuk', 1, '2018-10-18 07:59:44', 1),
(1099, 'rfnqq', 1, '2018-10-18 07:59:47', 1),
(1100, 'xgdtf', 1, '2018-10-18 08:00:11', 1),
(1101, 'CJIXT', 6, '2018-10-18 08:00:27', 1),
(1102, 'vfvEn', 1, '2018-10-18 08:00:28', 1),
(1103, 'CTWOU', 1, '2018-10-18 08:00:29', 1),
(1104, 'hmnbw', 1, '2018-10-18 08:00:36', 1),
(1105, 'ihfwg', 4, '2018-10-18 08:00:39', 1),
(1106, 'OGENU', 6, '2018-10-18 08:00:42', 1),
(1107, 'vsvwp', 1, '2018-10-18 08:01:05', 1),
(1108, 'JEUHY', 1, '2018-10-18 08:01:07', 1),
(1109, 'qcctb', 6, '2018-10-18 08:01:10', 1),
(1110, 'kwrep', 6, '2018-10-18 08:01:16', 1),
(1111, 'Glhjd', 1, '2018-10-18 08:01:19', 1),
(1112, 'kyxgr', 1, '2018-10-18 08:01:23', 1),
(1113, 'yacil', 1, '2018-10-18 08:01:25', 1),
(1114, 'acjpj', 1, '2018-10-18 08:01:41', 1),
(1115, 'EVKKN', 1, '2018-10-18 08:01:54', 1),
(1116, 'mjdmb', 1, '2018-10-18 08:01:59', 1),
(1117, 'mquqi', 1, '2018-10-18 08:02:02', 1),
(1118, 'BGVQE', 1, '2018-10-18 08:02:26', 1),
(1119, 'ETXDS', 3, '2018-10-18 08:02:35', 1),
(1120, 'RIMMR', 6, '2018-10-18 08:02:35', 1),
(1121, 'UCYWO', 4, '2018-10-18 08:02:43', 1),
(1122, 'fjndt', 3, '2018-10-18 08:02:54', 1),
(1123, 'MBOHY', 3, '2018-10-18 08:02:56', 1),
(1124, 'jjgkm', 3, '2018-10-18 08:02:58', 1),
(1125, 'cnmuh', 2, '2018-10-18 08:03:22', 1),
(1126, 'BALBR', 1, '2018-10-18 08:03:33', 1),
(1127, 'Bvbxj', 2, '2018-10-18 08:03:42', 1),
(1128, 'VFQEJ', 1, '2018-10-18 08:03:51', 1),
(1129, 'QHIVM', 1, '2018-10-18 08:03:51', 1),
(1130, 'cgclv', 6, '2018-10-18 08:04:13', 1),
(1131, 'SGJQW', 3, '2018-10-18 08:04:16', 1),
(1132, 'yvxta', 4, '2018-10-18 08:04:27', 1),
(1133, 'FQWMB', 1, '2018-10-18 08:04:28', 1),
(1134, 'EBDLR', 6, '2018-10-18 08:04:34', 1),
(1135, 'okpuh', 1, '2018-10-18 08:04:34', 1),
(1136, 'jxitk', 1, '2018-10-18 08:04:42', 1),
(1137, 'JORPQ', 3, '2018-10-18 08:04:50', 1),
(1138, 'moevm', 1, '2018-10-18 08:05:08', 1),
(1139, 'vpyjm', 4, '2018-10-18 08:05:17', 1),
(1140, 'bhaqa', 6, '2018-10-18 08:05:23', 1),
(1141, 'ovcts', 1, '2018-10-18 08:05:25', 1),
(1142, 'tkeqt', 1, '2018-10-18 08:05:41', 1),
(1143, 'SKXWF', 6, '2018-10-18 08:05:48', 1),
(1144, 'gdtuv', 2, '2018-10-18 08:05:48', 1),
(1145, 'MXFBJ', 1, '2018-10-18 08:06:00', 1),
(1146, 'OWVJI', 6, '2018-10-18 08:06:16', 1),
(1147, 'KWDAW', 1, '2018-10-18 08:06:22', 1),
(1148, 'stsvg', 1, '2018-10-18 08:06:24', 1),
(1149, 'ovkfn', 1, '2018-10-18 08:06:24', 1),
(1150, 'knxaj', 6, '2018-10-18 08:06:56', 1),
(1151, 'wigbv', 6, '2018-10-18 08:07:04', 1),
(1152, 'YUGEK', 6, '2018-10-18 08:07:08', 1),
(1153, 'Gyeoy', 6, '2018-10-18 08:07:31', 1),
(1154, 'DWVAI', 4, '2018-10-18 08:07:33', 1),
(1155, 'nleda', 1, '2018-10-18 08:07:36', 1),
(1156, 'AGPVM', 6, '2018-10-18 08:07:51', 1),
(1157, 'DFWGS', 6, '2018-10-18 08:08:01', 1),
(1158, 'pbmrv', 6, '2018-10-18 08:08:18', 1),
(1159, 'TMATE', 1, '2018-10-18 08:08:18', 1);
INSERT INTO `tbl_suara` (`id_suara`, `id_pemilih`, `id_kandidat`, `waktu`, `poin`) VALUES
(1160, 'nbbpn', 6, '2018-10-18 08:08:20', 1),
(1161, 'XCJYG', 4, '2018-10-18 08:08:27', 1),
(1162, 'klvno', 6, '2018-10-18 08:08:34', 1),
(1163, 'sywsq', 6, '2018-10-18 08:09:04', 1),
(1164, 'JRWCL', 1, '2018-10-18 08:09:04', 1),
(1165, 'CBBWG', 6, '2018-10-18 08:09:16', 1),
(1166, 'IKDPL', 1, '2018-10-18 08:09:17', 1),
(1167, 'ibwsf', 6, '2018-10-18 08:09:18', 1),
(1168, 'GLFFT', 6, '2018-10-18 08:09:25', 1),
(1169, 'XBDAD', 6, '2018-10-18 08:09:28', 1),
(1170, 'twxoh', 6, '2018-10-18 08:09:39', 1),
(1171, 'TBXMB', 2, '2018-10-18 08:09:51', 1),
(1172, 'pgnul', 2, '2018-10-18 08:09:52', 1),
(1173, 'Tbqoy', 6, '2018-10-18 08:09:56', 1),
(1174, 'XJTAR', 2, '2018-10-18 08:09:59', 1),
(1175, 'IGNQM', 6, '2018-10-18 08:10:07', 1),
(1176, 'NHFKK', 6, '2018-10-18 08:10:32', 1),
(1177, 'JALMB', 6, '2018-10-18 08:10:35', 1),
(1178, 'jqetl', 3, '2018-10-18 08:10:36', 1),
(1179, 'IHXPG', 1, '2018-10-18 08:10:45', 1),
(1180, 'vxhjc', 1, '2018-10-18 08:10:48', 1),
(1181, 'ieumu', 6, '2018-10-18 08:11:10', 1),
(1182, 'udsti', 1, '2018-10-18 08:11:17', 1),
(1183, 'ronqo', 3, '2018-10-18 08:11:28', 1),
(1184, 'ULJBF', 1, '2018-10-18 08:11:43', 1),
(1185, 'ufrrf', 6, '2018-10-18 08:12:07', 1),
(1186, 'XUKOX', 6, '2018-10-18 08:12:20', 1),
(1187, 'imvic', 6, '2018-10-18 08:12:29', 1),
(1188, 'udhly', 6, '2018-10-18 08:12:35', 1),
(1189, 'kuuuv', 6, '2018-10-18 08:12:38', 1),
(1190, 'MCAUA', 6, '2018-10-18 08:12:40', 1),
(1191, 'AVKPI', 6, '2018-10-18 08:13:00', 1),
(1192, 'BAUCK', 1, '2018-10-18 08:13:02', 1),
(1193, 'IFSJO', 4, '2018-10-18 08:13:10', 1),
(1194, 'MEOEJ', 1, '2018-10-18 08:13:27', 1),
(1195, 'squxt', 6, '2018-10-18 08:13:29', 1),
(1196, 'YHXUK', 6, '2018-10-18 08:13:29', 1),
(1197, 'LGXXM', 6, '2018-10-18 08:13:40', 1),
(1198, 'MARNP', 6, '2018-10-18 08:13:54', 1),
(1199, 'EHRMR', 6, '2018-10-18 08:13:56', 1),
(1200, 'CLNOS', 1, '2018-10-18 08:13:57', 1),
(1201, 'RKNQN', 6, '2018-10-18 08:14:12', 1),
(1202, 'khffq', 6, '2018-10-18 08:14:19', 1),
(1203, 'MGAXA', 6, '2018-10-18 08:14:21', 1),
(1204, 'NXLUY', 6, '2018-10-18 08:14:40', 1),
(1205, 'WWFLC', 6, '2018-10-18 08:14:44', 1),
(1206, 'kyliv', 6, '2018-10-18 08:14:46', 1),
(1207, 'chyyo', 1, '2018-10-18 08:15:01', 1),
(1208, 'AOLAW', 6, '2018-10-18 08:15:01', 1),
(1209, 'wtqnx', 3, '2018-10-18 08:15:06', 1),
(1210, 'SRIDH', 6, '2018-10-18 08:15:17', 1),
(1211, 'RYRYO', 6, '2018-10-18 08:15:48', 1),
(1212, 'fsxdc', 6, '2018-10-18 08:15:50', 1),
(1213, 'Ulnjw', 3, '2018-10-18 08:15:58', 1),
(1214, 'SGTCQ', 6, '2018-10-18 08:15:59', 1),
(1215, 'MMCSW', 6, '2018-10-18 08:16:00', 1),
(1216, 'Hymyo', 6, '2018-10-18 08:16:11', 1),
(1217, 'IOTRT', 1, '2018-10-18 08:16:24', 1),
(1218, 'MWKUH', 6, '2018-10-18 08:16:36', 1),
(1219, 'GULPL', 6, '2018-10-18 08:16:42', 1),
(1220, 'nvgtu', 4, '2018-10-18 08:16:55', 1),
(1221, 'QXUTJ', 6, '2018-10-18 08:16:56', 1),
(1222, 'FQJHJ', 6, '2018-10-18 08:16:57', 1),
(1223, 'GSKTW', 1, '2018-10-18 08:17:11', 1),
(1224, 'AVOUT', 4, '2018-10-18 08:17:14', 1),
(1225, 'numcs', 1, '2018-10-18 08:17:24', 1),
(1226, 'ljujt', 6, '2018-10-18 08:17:26', 1),
(1227, 'FDXWP', 2, '2018-10-18 08:17:41', 1),
(1228, 'nswag', 6, '2018-10-18 08:17:53', 1),
(1229, 'KKSQF', 2, '2018-10-18 08:18:01', 1),
(1230, 'TDVYI', 1, '2018-10-18 08:18:23', 1),
(1231, 'pevsd', 6, '2018-10-18 08:18:25', 1),
(1232, 'FBQRB', 1, '2018-10-18 08:18:28', 1),
(1233, 'vtvew', 4, '2018-10-18 08:18:36', 1),
(1234, 'fqumf', 1, '2018-10-18 08:19:01', 1),
(1235, 'Txsmb', 4, '2018-10-18 08:19:03', 1),
(1236, 'ksril', 1, '2018-10-18 08:19:05', 1),
(1237, 'cenli', 1, '2018-10-18 08:19:06', 1),
(1238, 'xcrya', 1, '2018-10-18 08:19:25', 1),
(1239, 'pruca', 4, '2018-10-18 08:19:27', 1),
(1240, 'mqbls', 1, '2018-10-18 08:19:27', 1),
(1241, 'WCHJS', 6, '2018-10-18 08:19:46', 1),
(1242, 'BWFLN', 2, '2018-10-18 08:19:52', 1),
(1243, 'ewfld', 1, '2018-10-18 08:19:58', 1),
(1244, 'FWMTD', 6, '2018-10-18 08:20:10', 1),
(1245, 'kknao', 2, '2018-10-18 08:20:12', 1),
(1246, 'Wmdxh', 1, '2018-10-18 08:20:17', 1),
(1247, 'MJQHT', 1, '2018-10-18 08:20:26', 1),
(1248, 'REWCB', 1, '2018-10-18 08:20:28', 1),
(1249, 'GMFGQ', 1, '2018-10-18 08:20:36', 1),
(1250, 'rkmkg', 1, '2018-10-18 08:20:40', 1),
(1251, 'OEGLA', 6, '2018-10-18 08:20:45', 1),
(1252, 'tatjb', 6, '2018-10-18 08:20:47', 1),
(1253, 'CMIXY', 1, '2018-10-18 08:21:17', 1),
(1254, 'ucovh', 1, '2018-10-18 08:21:43', 1),
(1255, 'EKICJ', 1, '2018-10-18 08:21:52', 1),
(1256, 'fxyqn', 6, '2018-10-18 08:22:15', 1),
(1257, 'hsjdw', 6, '2018-10-18 08:22:27', 1),
(1258, 'srooi', 1, '2018-10-18 08:22:30', 1),
(1259, 'jkwxf', 6, '2018-10-18 08:22:40', 1),
(1260, 'kcdge', 6, '2018-10-18 08:22:47', 1),
(1261, 'SPGDI', 1, '2018-10-18 08:22:49', 1),
(1262, 'gqswu', 1, '2018-10-18 08:22:53', 1),
(1263, 'vyiua', 3, '2018-10-18 08:22:56', 1),
(1264, 'tdbod', 1, '2018-10-18 08:23:14', 1),
(1265, 'peayl', 6, '2018-10-18 08:23:18', 1),
(1266, 'BMGPL', 6, '2018-10-18 08:23:27', 1),
(1267, 'IBKFL', 2, '2018-10-18 08:23:32', 1),
(1268, 'OJCGC', 1, '2018-10-18 08:23:34', 1),
(1269, 'dwwcv', 6, '2018-10-18 08:23:42', 1),
(1270, 'RCMRF', 6, '2018-10-18 08:23:53', 1),
(1271, 'bsjwl', 2, '2018-10-18 08:23:53', 1),
(1272, 'wiqwt', 6, '2018-10-18 08:24:07', 1),
(1273, 'cqhfr', 6, '2018-10-18 08:24:17', 1),
(1274, 'wssxu', 1, '2018-10-18 08:24:22', 1),
(1275, 'isfpa', 1, '2018-10-18 08:24:30', 1),
(1276, 'OBODG', 2, '2018-10-18 08:24:34', 1),
(1277, 'AFEHY', 4, '2018-10-18 08:24:38', 1),
(1278, 'ydgsk', 1, '2018-10-18 08:24:38', 1),
(1279, 'TTUNE', 6, '2018-10-18 08:24:53', 1),
(1280, 'klyab', 6, '2018-10-18 08:25:04', 1),
(1281, 'bbwfq', 1, '2018-10-18 08:25:11', 1),
(1282, 'oopgh', 1, '2018-10-18 08:25:30', 1),
(1283, 'LSWEA', 6, '2018-10-18 08:25:35', 1),
(1284, 'PDLUS', 1, '2018-10-18 08:25:52', 1),
(1285, 'HJBBP', 1, '2018-10-18 08:25:56', 1),
(1286, 'DVLCP', 2, '2018-10-18 08:25:57', 1),
(1287, 'yyqxd', 3, '2018-10-18 08:25:59', 1),
(1288, 'OCFDU', 6, '2018-10-18 08:25:59', 1),
(1289, 'JUOBR', 6, '2018-10-18 08:26:11', 1),
(1290, 'AHGWS', 1, '2018-10-18 08:26:27', 1),
(1291, 'AGEQP', 1, '2018-10-18 08:26:46', 1),
(1292, 'VBJWB', 1, '2018-10-18 08:26:53', 1),
(1293, 'FACEX', 1, '2018-10-18 08:27:14', 1),
(1294, 'QNVQK', 1, '2018-10-18 08:27:22', 1),
(1295, 'TKKBW', 6, '2018-10-18 08:27:28', 1),
(1296, 'NQTHA', 6, '2018-10-18 08:27:30', 1),
(1297, 'ghqis', 6, '2018-10-18 08:27:30', 1),
(1298, 'uswch', 1, '2018-10-18 08:27:34', 1),
(1299, 'fqpve', 1, '2018-10-18 08:27:54', 1),
(1300, 'axxse', 1, '2018-10-18 08:27:54', 1),
(1301, 'IGCYR', 1, '2018-10-18 08:27:59', 1),
(1302, 'XOERO', 1, '2018-10-18 08:28:16', 1),
(1303, 'VVRYJ', 6, '2018-10-18 08:28:19', 1),
(1304, 'bpktr', 1, '2018-10-18 08:28:19', 1),
(1305, 'Jxhbm', 1, '2018-10-18 08:28:25', 1),
(1306, 'nqxdd', 1, '2018-10-18 08:28:32', 1),
(1307, 'hvose', 2, '2018-10-18 08:28:36', 1),
(1308, 'yrvkr', 6, '2018-10-18 08:28:44', 1),
(1309, 'LPOIK', 1, '2018-10-18 08:28:54', 1),
(1310, 'wgtne', 4, '2018-10-18 08:29:00', 1),
(1311, 'ADWVR', 6, '2018-10-18 08:29:12', 1),
(1312, 'DECIP', 6, '2018-10-18 08:29:15', 1),
(1313, 'bpqim', 6, '2018-10-18 08:29:17', 1),
(1314, 'qttlv', 6, '2018-10-18 08:29:23', 1),
(1315, 'AVXKE', 4, '2018-10-18 08:29:24', 1),
(1316, 'mgadx', 1, '2018-10-18 08:29:27', 1),
(1317, 'PNDKN', 6, '2018-10-18 08:29:29', 1),
(1318, 'odvot', 1, '2018-10-18 08:29:48', 1),
(1319, 'SKMJB', 1, '2018-10-18 08:29:51', 1),
(1320, 'tjktp', 1, '2018-10-18 08:29:51', 1),
(1321, 'URILE', 1, '2018-10-18 08:30:03', 1),
(1322, 'tmocd', 4, '2018-10-18 08:30:04', 1),
(1323, 'TEDJW', 4, '2018-10-18 08:30:19', 1),
(1324, 'XVTAV', 6, '2018-10-18 08:30:26', 1),
(1325, 'duyni', 6, '2018-10-18 08:30:28', 1),
(1326, 'hnkvf', 4, '2018-10-18 08:30:36', 1),
(1327, 'INOLW', 1, '2018-10-18 08:30:40', 1),
(1328, 'svxvs', 6, '2018-10-18 08:30:46', 1),
(1329, 'pqnbu', 1, '2018-10-18 08:30:57', 1),
(1330, 'oplkv', 6, '2018-10-18 08:30:57', 1),
(1331, 'ctjqt', 6, '2018-10-18 08:31:06', 1),
(1332, 'YWVQQ', 6, '2018-10-18 08:31:12', 1),
(1333, 'TIBJW', 3, '2018-10-18 08:31:16', 1),
(1334, 'qotjc', 6, '2018-10-18 08:31:18', 1),
(1335, 'BCOAQ', 6, '2018-10-18 08:31:26', 1),
(1336, 'DWBAS', 4, '2018-10-18 08:31:36', 1),
(1337, 'gbnsg', 6, '2018-10-18 08:31:43', 1),
(1338, 'DHOMY', 4, '2018-10-18 08:31:48', 1),
(1339, 'jbegy', 6, '2018-10-18 08:31:58', 1),
(1340, 'GNXQE', 1, '2018-10-18 08:32:01', 1),
(1341, 'WKIOA', 6, '2018-10-18 08:32:03', 1),
(1342, 'NLPXH', 6, '2018-10-18 08:32:06', 1),
(1343, 'rhpdr', 6, '2018-10-18 08:32:23', 1),
(1344, 'hktpg', 6, '2018-10-18 08:32:24', 1),
(1345, 'uiwgj', 6, '2018-10-18 08:32:32', 1),
(1346, 'AGYWX', 1, '2018-10-18 08:32:43', 1),
(1347, 'olqte', 4, '2018-10-18 08:32:48', 1),
(1348, 'wiitm', 6, '2018-10-18 08:32:51', 1),
(1349, 'IPJWC', 1, '2018-10-18 08:33:13', 1),
(1350, 'SQMJX', 6, '2018-10-18 08:33:27', 1),
(1351, 'taxmo', 6, '2018-10-18 08:33:37', 1),
(1352, 'TWCRG', 1, '2018-10-18 08:33:37', 1),
(1353, 'ydjvi', 6, '2018-10-18 08:33:43', 1),
(1354, 'Jdmjg', 6, '2018-10-18 08:33:45', 1),
(1355, 'BRHME', 6, '2018-10-18 08:33:46', 1),
(1356, 'pkndn', 1, '2018-10-18 08:33:53', 1),
(1357, 'UAFIX', 4, '2018-10-18 08:34:01', 1),
(1358, 'QFXDM', 6, '2018-10-18 08:34:08', 1),
(1359, 'GQICO', 6, '2018-10-18 08:34:14', 1),
(1360, 'CLBBY', 6, '2018-10-18 08:34:21', 1),
(1361, 'gwlbc', 6, '2018-10-18 08:34:23', 1),
(1362, 'NKBPF', 4, '2018-10-18 08:34:29', 1),
(1363, 'SGYXM', 6, '2018-10-18 08:34:30', 1),
(1364, 'PJFYJ', 6, '2018-10-18 08:34:40', 1),
(1365, 'xeqhj', 6, '2018-10-18 08:34:46', 1),
(1366, 'RYKLB', 4, '2018-10-18 08:34:54', 1),
(1367, 'LBEBM', 6, '2018-10-18 08:35:00', 1),
(1368, 'yyjmg', 6, '2018-10-18 08:35:27', 1),
(1369, 'vjyil', 6, '2018-10-18 08:35:28', 1),
(1370, 'OGUJL', 1, '2018-10-18 08:35:36', 1),
(1371, 'TWRFO', 6, '2018-10-18 08:35:37', 1),
(1372, 'YCCLQ', 4, '2018-10-18 08:35:39', 1),
(1373, 'BNSOG', 6, '2018-10-18 08:35:43', 1),
(1374, 'FOKGY', 6, '2018-10-18 08:35:53', 1),
(1375, 'oilgn', 6, '2018-10-18 08:35:55', 1),
(1376, 'lmktq', 6, '2018-10-18 08:36:05', 1),
(1377, 'avfgx', 1, '2018-10-18 08:36:17', 1),
(1378, 'CYNAG', 6, '2018-10-18 08:36:22', 1),
(1379, 'GJESM', 1, '2018-10-18 08:36:40', 1),
(1380, 'yvkty', 6, '2018-10-18 08:36:45', 1),
(1381, 'PLGSE', 6, '2018-10-18 08:36:47', 1),
(1382, 'GCSIV', 6, '2018-10-18 08:36:57', 1),
(1383, 'uwkkt', 6, '2018-10-18 08:36:58', 1),
(1384, 'onnek', 6, '2018-10-18 08:37:18', 1),
(1385, 'CDQUK', 6, '2018-10-18 08:37:19', 1),
(1386, 'SPFGW', 6, '2018-10-18 08:37:29', 1),
(1387, 'NECKM', 6, '2018-10-18 08:37:33', 1),
(1388, 'pmdvw', 6, '2018-10-18 08:37:37', 1),
(1389, 'ftvhn', 1, '2018-10-18 08:37:37', 1),
(1390, 'bjkci', 6, '2018-10-18 08:37:57', 1),
(1391, 'fpuem', 6, '2018-10-18 08:38:02', 1),
(1392, 'mpafc', 1, '2018-10-18 08:38:03', 1),
(1393, 'eqwll', 4, '2018-10-18 08:40:45', 1),
(1394, 'YHGFS', 6, '2018-10-18 08:41:00', 1),
(1395, 'YGJEE', 6, '2018-10-18 08:41:02', 1),
(1396, 'RKDXO', 6, '2018-10-18 08:41:28', 1),
(1397, 'PGBRI', 1, '2018-10-18 08:41:32', 1),
(1398, 'dsdmu', 4, '2018-10-18 08:41:49', 1),
(1399, 'bewug', 1, '2018-10-18 08:42:02', 1),
(1400, 'yjabj', 1, '2018-10-18 08:42:06', 1),
(1401, 'QUBXK', 1, '2018-10-18 08:42:09', 1),
(1402, 'kqfhn', 1, '2018-10-18 08:42:10', 1),
(1403, 'YAMXE', 1, '2018-10-18 08:42:16', 1),
(1404, 'wpvpo', 1, '2018-10-18 08:42:22', 1),
(1405, 'Dmmxx', 4, '2018-10-18 08:42:44', 1),
(1406, 'rkstn', 1, '2018-10-18 08:42:50', 1),
(1407, 'RRCJH', 1, '2018-10-18 08:43:30', 1),
(1408, 'EGFQT', 1, '2018-10-18 08:43:32', 1),
(1409, 'ndlgn', 1, '2018-10-18 08:43:39', 1),
(1410, 'hqyqg', 1, '2018-10-18 08:43:42', 1),
(1411, 'wyuvb', 4, '2018-10-18 08:44:13', 1),
(1412, 'xywqm', 5, '2018-10-18 08:44:17', 1),
(1413, 'NMTFV', 1, '2018-10-18 08:44:34', 1),
(1414, 'YIEQB', 1, '2018-10-18 08:44:47', 1),
(1415, 'HTRHW', 6, '2018-10-18 08:45:11', 1),
(1416, 'PUEKT', 1, '2018-10-18 08:45:20', 1),
(1417, 'EVHHE', 1, '2018-10-18 08:45:20', 1),
(1418, 'WGPRW', 1, '2018-10-18 08:45:22', 1),
(1419, 'AIXYF', 6, '2018-10-18 08:45:28', 1),
(1420, 'flgjb', 1, '2018-10-18 08:45:31', 1),
(1421, 'JHEHS', 1, '2018-10-18 08:45:32', 1),
(1422, 'PBCLO', 1, '2018-10-18 08:46:40', 1),
(1423, 'bbdxj', 6, '2018-10-18 08:47:05', 1),
(1424, 'rrbbb', 6, '2018-10-18 08:47:15', 1),
(1425, 'qsrvu', 2, '2018-10-18 08:47:25', 1),
(1426, 'STELX', 5, '2018-10-18 08:47:39', 1),
(1427, 'DREVQ', 7, '2018-10-18 08:47:44', 1),
(1428, 'WETVJ', 1, '2018-10-18 08:47:49', 1),
(1429, 'hmvph', 4, '2018-10-18 08:48:14', 1),
(1430, 'iydnp', 2, '2018-10-18 08:48:15', 1),
(1431, 'GUIPG', 3, '2018-10-18 08:48:21', 1),
(1432, 'OGBTL', 5, '2018-10-18 08:48:29', 1),
(1433, 'bkenb', 7, '2018-10-18 08:48:46', 1),
(1434, 'cawdu', 6, '2018-10-18 08:48:58', 1),
(1435, 'MLEFK', 6, '2018-10-18 08:48:58', 1),
(1436, 'lrskj', 5, '2018-10-18 08:49:04', 1),
(1437, 'lbjqr', 1, '2018-10-18 08:49:11', 1),
(1438, 'ovkef', 1, '2018-10-18 08:49:11', 1),
(1439, 'WNBMG', 5, '2018-10-18 08:49:28', 1),
(1440, 'exayr', 6, '2018-10-18 08:49:31', 1),
(1441, 'ovuux', 1, '2018-10-18 08:49:36', 1),
(1442, 'HAXSG', 1, '2018-10-18 08:49:50', 1),
(1443, 'KHRPD', 6, '2018-10-18 08:50:06', 1),
(1444, 'GBGQV', 1, '2018-10-18 08:50:11', 1),
(1445, 'PKBWL', 3, '2018-10-18 08:50:14', 1),
(1446, 'ofutr', 1, '2018-10-18 08:50:27', 1),
(1447, 'exfyp', 6, '2018-10-18 08:50:28', 1),
(1448, 'JDLIG', 1, '2018-10-18 08:50:45', 1),
(1449, 'LVMTL', 6, '2018-10-18 08:50:54', 1),
(1450, 'bwhnw', 2, '2018-10-18 08:50:57', 1),
(1451, 'HKTAS', 6, '2018-10-18 08:50:57', 1),
(1452, 'WBIJK', 1, '2018-10-18 08:51:21', 1),
(1453, 'mwxlx', 4, '2018-10-18 08:51:43', 1),
(1454, 'wskor', 6, '2018-10-18 08:51:53', 1),
(1455, 'STQEQ', 4, '2018-10-18 08:51:54', 1),
(1456, 'yiusr', 6, '2018-10-18 08:51:59', 1),
(1457, 'YUFNV', 1, '2018-10-18 08:53:13', 1),
(1458, 'SKLIO', 6, '2018-10-18 08:53:21', 1),
(1459, 'UXBGJ', 5, '2018-10-18 08:54:08', 1),
(1460, 'vxchl', 1, '2018-10-18 08:54:21', 1),
(1461, 'PIWRJ', 6, '2018-10-18 08:54:23', 1),
(1462, 'XEILQ', 1, '2018-10-18 08:54:51', 1),
(1463, 'QCQPB', 1, '2018-10-18 08:54:54', 1),
(1464, 'JGCPJ', 1, '2018-10-18 08:55:02', 1),
(1465, 'nkugr', 2, '2018-10-18 09:10:23', 1),
(1466, 'ogsew', 2, '2018-10-18 09:18:20', 1),
(1467, 'qbyfh', 1, '2018-10-18 09:20:19', 1),
(1468, 'GTckh', 1, '2018-10-18 09:20:24', 1),
(1469, 'nwxuu', 1, '2018-10-18 09:20:31', 1),
(1470, 'chuct', 1, '2018-10-18 09:20:38', 1),
(1471, 'DNHFG', 1, '2018-10-18 09:20:50', 1),
(1472, 'ERKVF', 1, '2018-10-18 09:21:05', 1),
(1473, 'odeio', 7, '2018-10-18 09:21:09', 1),
(1474, 'kmrwe', 4, '2018-10-18 09:21:17', 1),
(1475, 'oblcb', 1, '2018-10-18 09:21:25', 1),
(1476, 'NMVPY', 1, '2018-10-18 09:21:50', 1),
(1477, 'MJQVE', 1, '2018-10-18 09:21:51', 1),
(1478, 'UIAOH', 6, '2018-10-18 09:21:52', 1),
(1479, 'mxnyo', 1, '2018-10-18 09:21:53', 1),
(1480, 'DHLKX', 2, '2018-10-18 09:21:56', 1),
(1481, 'utvyd', 6, '2018-10-18 09:22:00', 1),
(1482, 'jxdve', 1, '2018-10-18 09:22:14', 1),
(1483, 'Frmhd', 6, '2018-10-18 09:22:15', 1),
(1484, 'STNJI', 1, '2018-10-18 09:22:16', 1),
(1485, 'stfhr', 1, '2018-10-18 09:22:20', 1),
(1486, 'OOPQN', 1, '2018-10-18 09:22:41', 1),
(1487, 'ELRDL', 4, '2018-10-18 09:22:43', 1),
(1488, 'xxhgd', 1, '2018-10-18 09:22:54', 1),
(1489, 'RTTBD', 1, '2018-10-18 09:22:58', 1),
(1490, 'PREOT', 2, '2018-10-18 09:23:06', 1),
(1491, 'OAMOI', 1, '2018-10-18 09:23:07', 1),
(1492, 'Ibwdg', 1, '2018-10-18 09:23:11', 1),
(1493, 'axyaf', 4, '2018-10-18 09:23:26', 1),
(1494, 'XHGLI', 1, '2018-10-18 09:23:27', 1),
(1495, 'eqanp', 6, '2018-10-18 09:23:33', 1),
(1496, 'crpgv', 1, '2018-10-18 09:23:53', 1),
(1497, 'ksnro', 6, '2018-10-18 09:23:54', 1),
(1498, 'WKBYX', 1, '2018-10-18 09:23:56', 1),
(1499, 'uimmc', 2, '2018-10-18 09:24:04', 1),
(1500, 'vmsux', 1, '2018-10-18 09:24:18', 1),
(1501, 'EJMBP', 1, '2018-10-18 09:24:23', 1),
(1502, 'hjjwk', 4, '2018-10-18 09:24:43', 1),
(1503, 'abkxk', 1, '2018-10-18 09:25:04', 1),
(1504, 'ASHJE', 4, '2018-10-18 09:25:54', 1),
(1505, 'aeysd', 1, '2018-10-18 09:28:51', 1),
(1506, 'rsihn', 4, '2018-10-18 09:40:47', 1);

--
-- Indexes for dumped tables
--

--
-- Indexes for table `tbl_admin`
--
ALTER TABLE `tbl_admin`
  ADD PRIMARY KEY (`id_admin`);

--
-- Indexes for table `tbl_kandidat`
--
ALTER TABLE `tbl_kandidat`
  ADD PRIMARY KEY (`id_kandidat`);

--
-- Indexes for table `tbl_pemilih`
--
ALTER TABLE `tbl_pemilih`
  ADD PRIMARY KEY (`id_pemilih`);

--
-- Indexes for table `tbl_suara`
--
ALTER TABLE `tbl_suara`
  ADD PRIMARY KEY (`id_suara`),
  ADD KEY `id_kandidat` (`id_kandidat`),
  ADD KEY `id_pemilih` (`id_pemilih`);

--
-- AUTO_INCREMENT for dumped tables
--

--
-- AUTO_INCREMENT for table `tbl_admin`
--
ALTER TABLE `tbl_admin`
  MODIFY `id_admin` int(4) NOT NULL AUTO_INCREMENT, AUTO_INCREMENT=3;

--
-- AUTO_INCREMENT for table `tbl_kandidat`
--
ALTER TABLE `tbl_kandidat`
  MODIFY `id_kandidat` int(4) NOT NULL AUTO_INCREMENT, AUTO_INCREMENT=8;

--
-- AUTO_INCREMENT for table `tbl_suara`
--
ALTER TABLE `tbl_suara`
  MODIFY `id_suara` int(4) NOT NULL AUTO_INCREMENT, AUTO_INCREMENT=1507;

--
-- Constraints for dumped tables
--

--
-- Constraints for table `tbl_suara`
--
ALTER TABLE `tbl_suara`
  ADD CONSTRAINT `tbl_suara_ibfk_2` FOREIGN KEY (`id_kandidat`) REFERENCES `tbl_kandidat` (`id_kandidat`),
  ADD CONSTRAINT `tbl_suara_ibfk_3` FOREIGN KEY (`id_pemilih`) REFERENCES `tbl_pemilih` (`id_pemilih`);
COMMIT;

/*!40101 SET CHARACTER_SET_CLIENT=@OLD_CHARACTER_SET_CLIENT */;
/*!40101 SET CHARACTER_SET_RESULTS=@OLD_CHARACTER_SET_RESULTS */;
/*!40101 SET COLLATION_CONNECTION=@OLD_COLLATION_CONNECTION */;
